goodsID,name,type,author,page_size,origin_price,preferential_price,publisher,comments_count,favorable_rate,publish_time
71941642533,全套60册】小牛顿科学馆礼盒装科普绘本少儿童百科全书益智绘本科学启蒙读物专小学生课外阅读书籍,科学,,unknown,1200.00,538.00,接力出版社,83,0.92,unknown
12661694,少年探索发现系列(全5册)宇宙之谜地球之谜世界之谜海洋之谜科学之谜中小学生少儿科普书籍青少年版读物百科全书7-10-12-15岁,科学,龚勋 著 龚勋 编,160,99.00,79.20,汕头大学出版社,5万+,0.99,2019-10-01
12177765,国家地理儿童百科全书（套装共12册）[7-10岁],科学,图说天下编委会 编,1920,298.80,246.10,浙江教育出版社,50万+,0.99,2017-09-01
12538687,DK博物大百科——自然界的视觉盛宴[11-14岁],科学,英国DK公司 著 张劲硕/等译 译,623,458.00,431.10,科学普及出版社,20万+,0.99,2018-09-01
11576860,玩转科学游戏中的科学和知识[7-10岁],科学,方怡 著,425,75.00,56.30,北京联合出版公司,5万+,0.99,2014-10-01
13042960,儿童科学探索立体书：了不起的发明（9大发明120趣味知识3D立体抽拉互动扫码听发明故事）6-12岁[6-12岁],科学,派糖童书 著,unknown,238.00,185.00,化学工业出版社,1万+,0.98,2020-09-01
48391318543,科普漫画神奇科学课全6册（彩色插图版）天气+化学+动物+植物+科学+物理中小学生故事百科知识全图书籍,科学,,unknown,234.00,58.80,天津人民美术出版社,90,1.0,unknown
12693467,德国少年儿童百科知识全书珍藏版套装全50册精美礼盒什么是什么系列WASWAS小学生儿童科学科普畅销书包邮[7-14岁],科学,[德] 卡尔‧乌班等 著 海豚传媒 编 林碧清等 译,2400,1750.00,1662.50,长江少年儿童出版社,50万+,0.99,2020-08-01
11732465,科学原来是这样[7-10岁],科学,侯海博 编,unknown,75.00,56.30,北京联合出版社,2万+,0.99,2015-07-01
26510791171,世界未解之谜大全集全套12册珍藏版中小学生科普书籍青少年版少儿童读物百科全书7-15岁图书科学宇宙,科学,,unknown,189.60,59.80,延边大学出版社,1000+,0.98,unknown
10028673851376,自营同款】这就是物理全10册漫画全套原版推荐经典物理科学启蒙小学生科普绘本少年儿童百科全书,科学,,unknown,200.00,99.00,北京理工大学出版社,200+,0.98,unknown
12859598,DK儿童大百科系列精选礼品套装（精装全5册）科学+历史+自然+动物+太空（原定价700元）[5~18][EncyclopediaofAnimals HistoryoftheWorld],科学,英国DK公司 著 孙降生 田彩环 向芬 李霄 赵玮 译,1836,700.00,700.00,中信出版集团,5万+,0.99,2020-05-01
10032753442878,万物有科学全8册小学版科学启蒙科普书籍数学物理力学地理课外图书三四五六年级课外书阅读老师推荐阅读书F,科学,,unknown,260.00,90.00,北京日报出版社,1,1.0,unknown
13305178,存在与科学一位科学家对存在大问题的探索中信出版社,科学,彼得·阿特金斯（Peter Atkins） 著,184,48.00,48.00,中信出版集团股份有限公司,24,1.0,2021-06-01
12690733,樊登推荐 李永乐老师给孩子讲物理（全套10册：力学、热学、光学、振动和波、电磁学、流体力学、原子物理、光学史、相对论、量子力学）[3-10岁],科学,李永乐 著,240,268.00,268.00,江苏凤凰科学技术出版社,2万+,0.98,2020-09-01
12069381,亲亲科学图书馆1-4辑（礼盒装共40册）科学启蒙图书（小土、海桐妈妈推荐）[3-6岁],科学,[法] 史黛芬妮·勒迪 等 著 [法] 卡特琳娜·布徐 等 绘 姚美 沈志红 译,1440,480.00,400.00,安徽教育出版社,20万+,0.99,2017-05-01
13279772,半小时漫画科学史系列（全三册）,科学,陈磊·半小时漫画团队 著,864,132.00,132.00,文汇出版社,10万+,0.99,2021-06-01
12654491,万物科学绘本幼儿小百科幼儿大科学百科启蒙礼盒全24本[3-6岁],科学,马劲 等 著,unknown,597.60,492.20,北京联合出版公司,50万+,0.99,2018-05-01
69150299534,改变历史的科学故事天文地理科学科普知识图书籍世界重大发明与发现大全集青少年初高中生课外读物,科学,,unknown,75.00,22.00,中国华侨出版社,93,0.91,unknown
12125924,人类简史从动物到上帝（新版）我是谁 我从哪里来又要到哪里去尤瓦尔赫拉利作品中信出版社[Sapiens:Abriefhistoryofhumankind],科学,【以色列】尤瓦尔·赫拉利 著 林俊宏 译,417,68.00,44.10,中信出版社,50万+,0.99,2017-03-01
12997526,美国儿科学会育儿百科（第7版）[CaringforYourBabyandYoungChild 7thEdition:],科学,美国儿科学会 著 [美] 塔尼娅·奥尔特曼 编 唐亚 张彦希 周莉 陈铭宇 池丽叶 ... 译,944,108.00,64.80,北京科学技术出版社,10万+,0.99,2020-12-01
12816080,万能工程师麦克套装全22册动脑动手科学绘本3-6岁儿童必读的机器绘本包邮[3-6岁],科学,[瑞典] 乔治·约翰逊 著 心喜阅童书 编 [瑞典] 延斯·阿布 绘 王梦达 译,632,424.00,402.80,长江少年儿童出版社,50万+,0.99,2020-04-01
12679684,DK儿童情绪管理 我不生气 冷静是种超能力[3-12岁],科学,英国DK公司 著 鸿志文化 译,unknown,68.00,67.30,天津科学技术出版社,10万+,0.99,2019-06-01
30464197453,人类图：区分的科学港台原版本事出版人格天赋潜能开发,科学,拉烏盧胡 著,unknown,443.00,180.00,本事,200+,1.0,unknown
34089067018,正版玩转科学游戏中的科学和知识科学书籍,科学,,unknown,75.00,38.80,北京联合出版公司,100+,1.0,2014-10-01
11732453,我的第一本搞笑科普漫画书：不可思议的现象[7-10岁],科学,侯海博 编,413,75.00,56.30,北京联合出版公司,2万+,0.99,2015-07-01
12652371,美丽的数学,科学,[美爱德华·沙伊纳曼（Edward Scheinerman） 著 张缘 编,328,58.00,58.00,湖南科学技术出版社,10万+,0.99,2020-06-01
13286600,半小时漫画科学史3（看各路科学大咖爆笑掐架 轻松爱上数理化。）,科学,陈磊·半小时漫画团队 著,288,45.00,45.00,文汇出版社,10万+,0.99,2021-06-01
13305668,生命的反转：急重症科医生手记,科学,李文丰 凤凰联动 著,unknown,58.00,55.10,天津科学技术出版社,500+,1.0,2021-06-01
12301719,游戏中的科学（彩图版）中小学生课外阅读书籍青少年儿童科普书,科学,魏红霞 编,314,24.80,21.10,北京教育出版社,10万+,0.99,2014-06-01
10024579215376,【抖音同款】全3册玩转科学:游戏中的科学和知识+哈佛学生全世界优等生都在做的900个思维游戏书籍【全3册】玩转科学思维游戏,科学,方怡 著,425,255.00,59.80,北京联合出版公司,200+,0.93,unknown
10011239,乡土中国,科学,费孝通 著,120,16.00,13.60,人民出版社,10万+,0.98,2008-10-01
11092975,海底两万里（中小学课外阅读）七年级下册阅读新老版本随机发货智慧熊图书,科学,[法] 儒勒·凡尔纳（Verne J.） 著 闻钟 编,202,14.80,13.30,时代文艺出版社,100万+,0.99,2021-06-01
13278964,中文核心期刊要目总览(2020年版),科学,陈建龙 张俊娥 蔡蓉华 著,1108,500.00,457.50,北京大学出版社,500+,1.0,2021-05-01
12953988,十万个为什么注音版（彩图套装8册）6-12岁少儿科普百科全书小学生一二三四五六年级课外书开心教育,科学,风车文化 著 开心教育 编,unknown,92.00,70.40,新世纪出版社,20万+,0.99,2020-08-01
11668661,怀孕40周看这套就够了（套装全2册）,科学,邵玉芬 许鼓 曹伟 贾会云 编,258,93.00,66.10,江苏凤凰科学技术出版社,5万+,0.99,2014-07-01
70674237069,抖音推荐正版包邮彩图精装玩转科学游戏中的科学和知识青少年读物课外书中小学生读物思维游戏书籍,科学,,unknown,75.00,68.00,北京联合出版公司,100+,1.0,unknown
11737470,最好的告别：关于衰老与死亡 你必须知道的常识　【荐书联盟推荐】[BeingMortal:MedicineandWhatMattersintheEnd],科学,[美] 阿图·葛文德（Atul Gawande） 著 彭小华 译,248,54.90,35.80,浙江人民出版社,5万+,0.99,2015-08-01
11780035,爸爸的声音最好的胎教,科学,汉竹 著,180,39.80,37.80,江苏凤凰科学技术出版社,10万+,0.98,2017-02-01
11375609,最受孩子欢迎的经典科普读物：少年儿童百科全书（精华版全4册）[11-14岁],科学,张丽丽 编,832,128.00,73.00,北京教育出版社,5万+,0.99,2014-01-01
10018533,时间简史（插图版）【荐书联盟推荐】[ABriefHistoryofTime],科学,[英] 史蒂芬·霍金 著 许明贤 吴忠超 译,243,45.00,32.60,湖南科学技术出版社,20万+,0.98,2012-01-01
12989938,十万个为什么+中国少年儿童科普百科全书全套16册注音版小学生课外书必读书籍一二三四五年级阅读少儿读物,科学,风车文化 著 开心教育 编,unknown,200.00,153.00,新世纪出版社,20万+,0.99,2020-08-01
10021623759568,玩转科学全套6册儿童百科全书5-6-7-8-9-10-11-12岁可怕的科学知识身边的科学课外书籍玩转科学6册,科学,,unknown,130.80,65.00,北京联合出版公司,36,1.0,unknown
11643636,大家小书系列丛书：2021最新版标点符号用法手册标点符号专项训练一二三年级四五年级基础知识手册写作手册,科学,兰宾汉 著,204,13.80,13.10,商务印书馆国际有限公司,1万+,0.99,2015-01-01
1028200725,DK儿童太空百科全书天文宇宙儿童科学书籍小学生6-12-18岁揭秘关于宇宙太空的书籍,科学,王佳 编,unknown,118.00,54.50,中国大百科,200+,0.98,2012-01-01
12807328,STEAM科学盒子：套装3册机器人+太空+弹珠轨道（儿童问题解决力养成）[6岁+],科学,[英] 罗伯 科尔森 文（英）埃里克 史密斯 绘,64,594.00,400.00,陕西人民教育出版社,50万+,0.99,2019-10-01
11679294,娱乐至死我们将毁于我们所热爱的东西尼尔·波兹曼20年经典畅销作品中信出版社[Amusingourselvestodeath],科学,[美] 尼尔·波兹曼 著 章艳 译,224,38.00,38.00,中信出版社,5万+,0.99,2015-04-01
12056402,普林斯顿微积分读本（修订版）(图灵出品),科学,[美] 阿德里安·班纳 著 杨爽 赵晓婷 高璞 译,648,99.00,99.00,人民邮电出版社,10万+,0.99,2016-10-01
26651231227,漫画分子生物学欧姆社学习漫画系列书籍科学出版社,科学,[日] 武村政春 著 日] 咲良 [日] 株式会社BECOM 绘 伍会健 译,unknown,45.00,31.80,科学出版社,53,1.0,2016-02-01
10024755528425,全8册好好玩的洞洞书翻翻书宝宝早教撕不烂0-6周岁亲子阅读互动儿童读物早教书幼儿启蒙,科学,,unknown,200.00,130.00,上海科学普及出版社,100+,0.97,2017-01-01
11684671,你好！科学最亲切的科学原理启蒙图画书精编版（物理化学套装共18册）[3-6岁],科学,金世实 等 著 仇宝兰 等 绘 王瑗瑗 等 译,648,300.00,300.00,长江少年儿童出版社,5万+,0.99,2015-05-01
11702006,你好！科学最亲切的科学原理启蒙图画书精编版（生物人体环境套装共18册）[3-6岁],科学,韩恩善 等 著 洪正雅 等 绘 王媛媛 等 译,unknown,300.00,300.00,长江少年儿童出版社,5万+,0.99,2015-06-01
1392820369,新版让孩子着迷的77×2个经典科学游戏亲子游戏书7-10岁益智游戏儿童读物1-14岁科普百科图书,科学,[日] 后藤道夫 编 施雯黛 王蕴洁 译,unknown,39.00,26.90,南海,1000+,0.99,2014-03-01
10196837,少儿科普名人名著书系：叶永烈讲述科学家故事100个[7-10岁],科学,叶永烈 著,362,18.00,18.00,湖北少年儿童出版社,1万+,0.99,2009-01-01
26651233653,漫画生物化学欧姆社学习漫画系列书籍科学出版社,科学,[日] 武村政春 著 [日] 菊野郎 绘 藤永红 译,unknown,45.00,32.80,科学出版社,24,1.0,2015-12-01
12731560,乐乐趣科普立体书：奇妙地球[3-6岁],科学,[英] 阿妮塔·盖恩瑞 著 [英] 丹·克里斯普 绘,unknown,138.00,100.00,陕西人民教育出版社,50万+,0.99,2019-11-01
12782332,趣味科普立体书：恐龙[3-6岁]立体场景、弹跳立体页、拉拉页、小折页[3-6岁],科学,理查得·邓华斯 著 金·汤普森 史蒂夫·金斯顿 绘,unknown,128.00,100.00,未来出版社,50万+,0.99,2011-04-01
12674229,DK有趣的科学（学习篇）6册[11-14岁],科学,英国DK出版社 著,576,298.80,281.00,科学普及出版社,1万+,0.99,2013-06-01
10029456293118,新科技驾到【全十册】孩子看得懂的前沿科学漫画10大科学领域和前沿科技量子物理生命科学航天工程,科学,李剑龙 著 漫阅童书 编 牛猫小分队 绘,unknown,200.00,109.00,北京理工大学出版社,500+,0.98,2021-04-30
13265418,科学发明王升级版（共8册)孩子喜爱的发明科学[6-12岁],科学,[韩] 小熊工作室 [韩] 弘钟贤 著,unknown,280.00,280.00,二十一世纪出版社,62,1.0,2020-10-01
10028991809983,【可拆卖】46亿年的奇迹地球简史显生宙古生代+元古宙+冥古宙太古宙宇宙地球科学儿童科普书籍6-13辑8册,科学,朝日新闻出版社 编 张玉 北异 傅栩 等 译,unknown,1300.00,552.00,人民文学出版社,9,1.0,unknown
13030694,我的第一本搞笑科普漫画书（全套5册）：科学原来是这样+不可思议的现象+自然奥秘探索+生物的秘密武[7-10岁],科学,侯海博 编,unknown,375.00,272.70,北京联合出版公司,100+,1.0,2015-07-01
13306530,这就是物理化学地理（全26册）（儿童科学启蒙漫画超大豪华套装）[5-12岁],科学,约瑟夫.米森 等 著,unknown,600.00,564.80,北京理工大学出版社,5万+,0.99,2021-06-01
12984952,永田达爷爷的自然科学课（全8册）[0-6岁],科学,[法] Thierry Dedieu 著,unknown,128.00,121.00,北京理工大学出版社,5万+,0.99,2020-10-01
12814769,画给孩子的生命简史：精装彩绘本（一本书告诉孩子 “我从哪里来” 中国科学院专家审读、校正。）[7-14岁],科学,李妍 著,unknown,58.00,43.50,台海出版社,100万+,0.98,2021-02-01
12592397,我的小问题（1-3辑）（礼盒装共25册）打开知识的大门 从提好问题开始。亲亲科学进阶版（海桐妈妈推荐）[4-8岁],科学,[法] 帕斯卡尔·艾德兰 等 著,unknown,345.00,300.00,上海文化出版社,10万+,0.98,2019-12-01
26651249638,欧姆社学习漫画系列书籍电学原理科学出版社,科学,藤泷和弘陈刚 著,unknown,45.00,32.80,科学出版社,30,1.0,2010-05-01
12517398,科学探索者第三版（最新版礼盒装18册）中小学图书馆推荐书目值得中国孩子阅读的科普书献给青少年的百科全书连续畅销近20年,科学,麦格劳希尔教育 培生教育 著,unknown,600.00,528.00,浙江教育出版社,2万+,0.99,2018-12-01
12866239,向太空进发（全6册）[3-10岁],科学,徐蒙 张智慧 郭丽娟 著 金星 酒亚光 王雅娴 绘,unknown,279.00,211.10,北京科学技术出版社,1万+,0.99,2021-06-01
11405208,十万个为什么（小学生彩绘版全注音共8册恐龙小Q）[7-10岁],科学,蜗牛爸爸 著,568,128.00,98.60,煤炭工业出版社,10万+,0.99,2014-01-01
10029812987235,万物由来科学绘本万物科学绘本+中国少年儿童百科全书儿童科普类书籍地球大观鸟类王国动物乐园恐龙帝国科技万物由来科学绘本9册,科学,,unknown,162.00,36.80,北京联合出版公司,500+,0.99,2020-08-01
13324394,中国降水日变化,科学,宇如聪等 著,229,198.00,169.00,科学出版社,3,1.0,2021-06-01
26650895939,电气电路科学出版社书籍欧姆社学习漫画系列,科学,[日] 飯田 芳一 著 刘卫颖 译,unknown,45.00,33.80,科学出版社,15,1.0,2016-04-01
10023459819428,【正版速发】大中华寻宝记全套27册系列上海北京海南新疆秦朝恐龙中国世界版文明环球寻宝记系列正版环球世界国家寻宝记全33本我的第一本科学漫画书系列,科学,,unknown,2100.00,539.00,二十一世纪出版社,2000+,0.97,unknown
12744284,DK打开我自己：有趣好玩的人体手册精装（人体科学启蒙、儿童性教育、儿童安全教育启蒙）[7-14岁],科学,英国DK出版社 著,252,198.00,186.00,科学普及出版社,10万+,0.99,2019-06-01
11750932,自然科学童话（新版全12册）（双螺旋童书）[7-10岁],科学,[韩] 李尚培 等 著 白明植 等 绘 杨竹君 译,unknown,198.00,198.00,九州出版社,2000+,0.99,2015-06-01
12671850,DK科学历史百科全书,科学,罗伯特·温斯顿 著,unknown,328.00,328.00,中国大百科全书出版社,2万+,0.99,2019-01-01
11732452,神奇科学探秘：疯狂的科学世界[7-10岁],科学,侯海博 编,unknown,75.00,56.30,北京联合出版社,2万+,0.99,2015-07-01
10032952615518,植物世界历险记2我的本科学漫画书探险百科系列小学生课外阅读书籍儿童科普大百科全书植物世界大探险,科学,,unknown,35.00,25.00,二十一世纪出版社集团,0,1.0,unknown
11804768,DK汽车大百科[3-18岁][TheCarBook],科学,英国DK出版社 著 张义 译,360,198.00,149.80,北京科学技术出版社,2万+,0.99,2015-12-01
11754527,十万个为什么（少儿注音版全8册恐龙小Q）[7-10岁],科学,木头人儿童创想中心 编,unknown,96.00,73.90,煤炭工业出版社,20万+,0.99,2015-09-01
11828972,坨坨妈：烘焙新手入门,科学,坨坨妈 著 汉竹 编,264,49.80,49.80,江苏凤凰科学技术出版社,2万+,0.99,2017-03-01
10026574074421,十万个为什么彩图注音版(全8册)四川科学技术出版社孙静编注音读物,科学,,unknown,100.00,35.00,四川科学技术出版社,2000+,0.99,2020-04-01
12087578,小林一夫的折纸大百科[SAISINBANORIGAMIDAIHYAKKA],科学,[日] 小林一夫 著 [日] 小林一夫 编 葛婷 译,208,68.00,64.00,河南科学技术出版社,1万+,0.99,2017-01-01
26651244407,漫画电磁学欧姆社学习漫画系列书籍科学出版社,科学,[日] 远藤雅守 著 刘卫颖 译,unknown,45.00,32.80,科学出版社,16,1.0,2015-12-01
11621090,超级武器大师系列军事大百科全书（套装共4册）[7-10岁],科学,韩雨江 孙铭 徐波 编 凯帝动画 绘,160,352.00,327.40,吉林科学技术出版社,5万+,0.99,2014-12-01
11454239,身边的科学[3-6岁],科学,[日] 小石新八 著 [日] 荒贺贤二 绘 张羽佳 译,192,68.00,68.00,中国水利水电出版社,5万+,0.99,2014-05-01
13033040,DK伟大工程——从金字塔到航天旅行的开拓者[7-14岁],科学,[英] 亚当·哈特-戴维斯 著,358,268.00,252.00,科学普及出版社,2万+,0.98,2020-06-01
12287666,DK星空百科—宇宙与星座的秘密[7-10岁][TheDefinitiveVisualGuidetotheCosmos],科学,英国DK出版社 著 EasyNight 译,256,168.00,127.10,北京科学技术出版社,5000+,0.99,2018-01-01
11738941,少儿必读金典：世界未解之谜[3-6岁],科学,侯海博 编,321,55.00,41.30,北京联合出版公司,1万+,0.99,2015-07-01
26651244407,漫画电磁学欧姆社学习漫画系列书籍科学出版社,科学,[日] 远藤雅守 著 刘卫颖 译,unknown,45.00,32.80,科学出版社,16,1.0,2015-12-01
11715402,法布尔昆虫记（注音美绘本全10册 真人朗读+赠送昆虫知识手册+昆虫贴纸）[3-6岁],科学,[韩] 金春玉 [韩] 曹京淑 [韩] 高苏珊娜 著 〔韩〕金成荣 绘 李明淑 译,1042,298.00,225.40,北京科学技术出版社,2万+,0.99,2015-07-01
38584008666,不可不知的科学(共3册)彩图精装少儿科普百科图画书,科学,,unknown,75.00,36.00,上海人美,59,1.0,2018-08-01
11586725,德国小学生最喜欢的111个科学小实验（套装全2册）[7-10岁],科学,[德] 克尔斯汀·兰特维尔 玛蒂娜·吕特尔 著 王尚方 闫健 译,288,59.60,52.50,中国铁道出版社,2万+,0.99,2014-11-01
11589249,DK儿童地理百科全书（2018年全新修订版）[7-10岁],科学,英国DK公司 编,304,198.00,198.00,中国大百科全书出版社,50万+,0.99,2014-12-01
68851191815,万物由来：纸布钱笔鞋碗（身边的科学）（全套共6册）3-6-9岁儿童科学与自然科普书籍故事书,科学,郭翔 著,288,148.80,138.00,北京理工大学出版社,2000+,0.99,2017-01-01
34073702480,正版全3册玩转科学:游戏中的科学和知识+哈佛学生全世界优等生都在做的900个思维游戏书籍,科学,白虹 方怡 著,425,225.00,69.00,北京联合出版公司,2000+,0.97,2014-10-01
10031873132076,张文鹤护肤指南正版现货全网2000万+用户医学科普大V皮肤科专家张文鹤20年临床经验总结,科学,,251,65.00,35.75,科学技术文献出版社,36,1.0,2021-04-01
11900142,拉鲁斯趣味科学馆（套装全7册）[7-10岁],科学,拉鲁斯出版社 编,unknown,199.50,185.50,吉林科学技术出版社,5万+,0.99,2014-06-01
70368727790,玩转科学+哈佛学生+全世界优等生都在做的900个思维游戏游戏中的科学和知识书考试脑科学异想天开套装3册,科学,,unknown,388.00,42.50,北京联合出版公司,500+,0.98,unknown
13211670,STEAM科学小怪物人体科学（全彩8册）77个人体常识通过趣味童话阐述 让孩子了解我们的身体3-10岁儿童安全启蒙自我保护芝麻熊[3-12岁],科学,佘宝贤 等 著,unknown,198.40,124.00,江西教育出版社,1万+,0.99,2020-09-01
70499723453,【正版速发】大中华寻宝记全套27册系列上海北京海南新疆秦朝恐龙中国世界版文明环球寻宝记系列正版+环球世界国家寻宝记全60册我的第一本科学漫画书,科学,,unknown,2100.00,999.00,二十一世纪出版社,2000+,0.97,unknown
26651246554,漫画傅里叶解析欧姆社学习漫画系列书籍科学出版社,科学,[日] 渋谷道雄 著 [日] Haruse Hiroki [日] 株式会 绘 陈芳 译,unknown,45.00,32.80,科学出版社,13,1.0,2016-02-01
12102562,地理学与生活（全彩插图第11版）[IntroductiontoGeography 11e],科学,[美] 阿瑟·格蒂斯（Arthur Getis） 朱迪丝·格蒂斯（Judith Getis） 等 著 黄润华 韩慕康 孙颖 译,544,228.00,228.00,北京联合出版公司,5万+,0.99,2017-03-01
12931048,万物有科学（套装共12册）【中国大百科全书总主编杨牧之】原创绘本科普漫画宇宙+科学+数学+化学+生活（小笨熊童书出品）[6-12岁],科学,崔钟雷 著,unknown,120.00,105.00,黑龙江美术出版社,2万+,0.98,2020-06-01
11692136,名师带你学识图：建筑识图零基础入门（第2版）,科学,孟炜 编,132,22.00,21.60,江苏凤凰科学技术出版社,2000+,0.98,2015-05-01
12765649,DK乐高哈利波特魔法世界大礼包（套装3册）[3-14岁],科学,英国DK出版社 著 木木 译,280,384.00,361.00,科学普及出版社,2万+,0.98,2020-10-01
11887755,中国国家地理少儿百科宇宙[3-6岁][TheIllustratedAtlasoftheUniverse],科学,[英] 马克·加利克 著 张博 译,304,138.00,138.00,中信出版社,1万+,0.99,2016-02-01
70128569308,全套3册趣味数学三年级四年级思维训练益智故事书小学生阅读课外书籍老师推荐阅读6-9-12岁儿童读物趣味科学,科学,,unknown,177.00,15.80,北京联合出版公司,1000+,0.99,unknown
13106560,像科学家一样思考:爱因斯坦相对论+达尔文物种起源（套装共2册）让孩子会思考 练就超强大脑[7岁+][7岁+],科学,[澳] 安娜·布雷特 等 著 [英] 尼克·海斯 等 绘 丁将 译,unknown,256.00,160.00,未来出版社,20万+,0.98,2021-01-01
10032183873096,小牛顿科普馆地球怎么了百科知识绘本全书3-12岁小学生课外书读物科学馆飞上天了,科学,,unknown,148.00,1.00,长江出版社,1000+,0.99,unknown
12768407,焦虑症的自救系列套装全3册,科学,[澳] 克莱尔·威克斯（Claire Weekes 1903—1990） 著 赵妍 王泽彦 韩波 译,unknown,167.00,157.20,广西科学技术出版社,20万+,0.99,2020-12-01
71755511973,可不可以不变老唤醒长寿基因的科学革命Lifespan台版Sinclair拉普兰提天下文化,科学,辛克萊 拉普蘭提 著,424,358.00,145.00,天下文化,100+,1.0,2020-06-01
12953986,中国少年儿童百科全书注音版（套装8册）十万个为什么少儿科普书小学生一二三四五年级课外书开心教育,科学,风车文化 开心教育 编,unknown,108.00,68.00,新世纪出版社,20万+,0.99,2020-08-01
10025074642963,全套12册幼儿大科学science我的大科学小学生必读老师推荐经典正版绘本故事书儿童课外阅读书籍幼儿大百科,科学,,unknown,298.80,89.00,明天出版社,200+,1.0,unknown
68491490775,【现货闪发】海南寻宝记大中华寻宝记系列27我的第一本科学漫画书大中国地理百科全书幼儿全套6-12周岁,科学,,unknown,35.00,22.00,二十一世纪出版社,2000+,0.98,unknown
12911782,写给孩子的病毒简史一本专门为孩子撰写的病毒科普小书（彩绘本）[6-10岁],科学,金润铭 编 白鳍豚童书 绘,unknown,40.00,40.00,长江少年儿童出版社,2000+,0.98,2020-07-01
54048231985,图说时间简史宇宙知识科技丛书科学探秘世界的量子力学青少年科普百科全书书籍,科学,楚丽萍 著,unknown,46.00,22.20,中国华侨出版社,2万+,0.97,2019-06-01
12863734,科学超有趣让孩子爆笑的科学漫画书（全8册）[6-12岁],科学,洋洋兔 著,unknown,280.00,250.40,北京理工大学出版社,5万+,0.99,2020-05-01
12871894,乐高创意搭建礼盒（5册）[7-14岁],科学,英国DK出版社著 著,640,810.00,762.00,科学普及出版社,2万+,0.98,2020-03-01
10681772659,10册小牛顿第一套科普绘本少儿科普百科启蒙3-6岁儿童科学馆揭秘恐龙书籍奇妙的科学,科学,,unknown,138.00,48.00,世界图书出版社,500+,0.99,unknown
12102562,地理学与生活（全彩插图第11版）[IntroductiontoGeography 11e],科学,[美] 阿瑟·格蒂斯（Arthur Getis） 朱迪丝·格蒂斯（Judith Getis） 等 著 黄润华 韩慕康 孙颖 译,544,228.00,228.00,北京联合出版公司,5万+,0.99,2017-03-01
12931048,万物有科学（套装共12册）【中国大百科全书总主编杨牧之】原创绘本科普漫画宇宙+科学+数学+化学+生活（小笨熊童书出品）[6-12岁],科学,崔钟雷 著,unknown,120.00,105.00,黑龙江美术出版社,2万+,0.98,2020-06-01
11692136,名师带你学识图：建筑识图零基础入门（第2版）,科学,孟炜 编,132,22.00,21.60,江苏凤凰科学技术出版社,2000+,0.98,2015-05-01
12765649,DK乐高哈利波特魔法世界大礼包（套装3册）[3-14岁],科学,英国DK出版社 著 木木 译,280,384.00,361.00,科学普及出版社,2万+,0.98,2020-10-01
11887755,中国国家地理少儿百科宇宙[3-6岁][TheIllustratedAtlasoftheUniverse],科学,[英] 马克·加利克 著 张博 译,304,138.00,138.00,中信出版社,1万+,0.99,2016-02-01
72033325150,【精装全彩】神奇科学探秘生物的秘密武器7-15岁少儿童科普百科全书青少年趣味科学故事书籍三四五六,科学,,unknown,75.00,29.80,北京联合出版公司,3,1.0,unknown
13106560,像科学家一样思考:爱因斯坦相对论+达尔文物种起源（套装共2册）让孩子会思考 练就超强大脑[7岁+][7岁+],科学,[澳] 安娜·布雷特 等 著 [英] 尼克·海斯 等 绘 丁将 译,unknown,256.00,160.00,未来出版社,20万+,0.98,2021-01-01
10032183873096,小牛顿科普馆地球怎么了百科知识绘本全书3-12岁小学生课外书读物科学馆飞上天了,科学,,unknown,148.00,1.00,长江出版社,1000+,0.99,unknown
12768407,焦虑症的自救系列套装全3册,科学,[澳] 克莱尔·威克斯（Claire Weekes 1903—1990） 著 赵妍 王泽彦 韩波 译,unknown,167.00,157.20,广西科学技术出版社,20万+,0.99,2020-12-01
71755511973,可不可以不变老唤醒长寿基因的科学革命Lifespan台版Sinclair拉普兰提天下文化,科学,辛克萊 拉普蘭提 著,424,358.00,145.00,天下文化,100+,1.0,2020-06-01
12953986,中国少年儿童百科全书注音版（套装8册）十万个为什么少儿科普书小学生一二三四五年级课外书开心教育,科学,风车文化 开心教育 编,unknown,108.00,68.00,新世纪出版社,20万+,0.99,2020-08-01
70847141744,少儿百科全书全8册彩绘注音版儿童十万个为什么3-6-10岁小学版少儿自然交通工具科学军事科普书籍,科学,,unknown,96.00,32.80,金盾出版社,4,1.0,unknown
68491490775,【现货闪发】海南寻宝记大中华寻宝记系列27我的第一本科学漫画书大中国地理百科全书幼儿全套6-12周岁,科学,,unknown,35.00,22.00,二十一世纪出版社,2000+,0.98,unknown
12911782,写给孩子的病毒简史一本专门为孩子撰写的病毒科普小书（彩绘本）[6-10岁],科学,金润铭 编 白鳍豚童书 绘,unknown,40.00,40.00,长江少年儿童出版社,2000+,0.98,2020-07-01
54048231985,图说时间简史宇宙知识科技丛书科学探秘世界的量子力学青少年科普百科全书书籍,科学,楚丽萍 著,unknown,46.00,22.20,中国华侨出版社,2万+,0.97,2019-06-01
12863734,科学超有趣让孩子爆笑的科学漫画书（全8册）[6-12岁],科学,洋洋兔 著,unknown,280.00,250.40,北京理工大学出版社,5万+,0.99,2020-05-01
12871894,乐高创意搭建礼盒（5册）[7-14岁],科学,英国DK出版社著 著,640,810.00,762.00,科学普及出版社,2万+,0.98,2020-03-01
10027803306508,亲亲科学图书馆全70册（1-7辑礼盒装）宇宙恐龙2-3-6岁儿童百科全书趣味科学书丛书科普书籍,科学,,unknown,840.00,420.00,上海文化出版社,0,1.0,unknown
12724329,美国国家地理（少儿版）科学、昆虫、宇宙大百科（套装3册））[7-10岁],科学,美国国家地理协会 著,unknown,444.00,444.00,安徽科学技术出版社,2000+,0.99,2020-09-01
13283832,把科技馆带回家：华夏之光（全6册）中国古代建筑+纺织+天文+机械+数学+航海[11-14岁],科学,赵洋 主编 崔希栋 张瑶 副主编 著 赵洋 崔希栋 张瑶 副 编,736,238.80,238.80,科学普及出版社,24,1.0,2021-04-01
13122420,DK动物百科系列（7本套装）[7-14岁],科学,英国DK出版社 著 英国DK出版社 编 庆慈 等译 邢立达 等审译 译,560,406.00,382.20,科学普及出版社,1万+,0.99,2020-10-01
11986081,新手四季养花（汉竹）,科学,王意成 著,208,29.80,28.30,江苏凤凰科学技术出版社,1万+,0.98,2016-10-01
11701967,你好！科学最亲切的科学原理启蒙图画书精编版（地球科学套装共14册）[3-6岁],科学,金艺实 等 著,unknown,300.00,300.00,长江少年儿童出版社,5万+,0.99,2015-06-01
40866479407,哲人石丛书全套14册大流感致命瘟疫的史诗+素数之恋+反物质+数学大师科学与自然科普读物书籍,科学,,unknown,795.00,596.00,上海科技教育出版社,14,1.0,unknown
12174233,大英儿童百科全书（套装共8册）纵贯上下五千年 解答十万个为什么 厚重高档 送礼必备的百科全书[7-10岁],科学,不列颠百科 编,unknown,760.00,715.00,湖南少年儿童出版社,2万+,0.99,2013-09-01
32162222495,大中华寻宝记6第六辑(21-24)共4册套装福建澳门青海广西中国寻宝记科学漫画书中国地图人文版揭秘,科学,,unknown,140.00,91.00,二十一世纪出版社集团,500+,0.99,unknown
67464075087,【立减】万物有科学（全8册）,科学,焦志强 编,unknown,260.00,128.33,北京日报,200+,0.96,2019-11-01
50983992427,上帝掷骰子吗(量子物理史话升级版)人人都能读懂的量子物理课正版现货,科学,,487,59.80,29.50,北京联合出版公司,1000+,0.99,2019-06-01
10030719813900,大脑不受教 只受启发：活用脑科学 启导精明大脑靛藍书瑟夫欧康纳正原版台版进口图书,科学,,320,290.00,145.00,靛藍出版有限公司,0,1.0,2021-05-10
68067522223,哲人石丛书全套14册大流感致命瘟疫的史诗+素数之恋+反物质+数学大师等自然科学科普读物书籍,科学,约翰·M·巴里 诺曼·麦克雷 迪特里希·德尔纳 等 著,unknown,795.00,596.00,上海科技教育出版社,3,1.0,unknown
11479241,自然科学启蒙（第六辑全6册）5-9岁HarperCollins（启发官方自营店）[3-6岁],科学,[美] 亚瑟·多罗斯 [美] 弗兰·霍奇金斯 [美] 弗兰克林·M.布兰利 等 著 [美] 特鲁·凯利 [美] 凯瑟琳·古切拉 [美] 玛丽·安·弗雷泽 等 绘 范晓星 陈蕙慧 王启荣 等 译,unknown,90.00,68.10,北京联合出版公司,10万+,0.99,2012-12-01
11479236,自然科学启蒙（第八辑全6册）5-9岁HarperCollins（启发官方自营店）[3-6岁],科学,弗兰克林·M.·布兰利 等 著 范晓星 等 译,unknown,90.00,68.10,北京联合出版公司,10万+,0.99,2013-08-01
11479246,自然科学启蒙（第十一辑全6册）5-9岁HarperCollins（启发官方自营店）[3-6岁],科学,凯瑟琳·W.佐伊费尔德 费兰克林·M.布兰利 莫尔文·博尔格 等 著 特鲁·凯里 保罗·迈泽尔 斯泰西·舒特 等 绘 蒋育茬 王玲月 成诚 等 译,unknown,90.00,68.10,北京联合出版公司,10万+,0.99,2014-03-01
11609432,自由在高处（增订版）,科学,熊培云 著,464,42.00,37.00,新星出版社,5万+,0.99,2015-01-01
10023255313110,【正版立减】身边的科学我放大了100倍(精)脚下的秘密大合集共三册正版,科学,,unknown,200.00,109.00,中国水利水电,200+,1.0,2017-11-01
10028191086648,食虫植物（儿童百问百答19）科学漫画书十万个为什么百科全书小学生版少儿科学图书书籍,科学,苟振红 译,unknown,30.00,16.80,二十一世纪,3,1.0,unknown
11698401,张量与黎曼几何：微分方程应用（英文版）[TensorsandRiemannianGeometrywithApplicationstoDifferentialEquations],科学,[瑞典] 伊布拉基莫夫 著,183,59.00,49.80,高等教育出版社,200+,1.0,2015-04-01
11526289,量子力学习题与解答,科学,陈鄂生 李明明 著,440,69.00,54.50,科学出版社,1000+,0.98,2012-01-01
11573978,如何阅读一本书（精装）,科学,[美] 莫提默·J.艾德勒 查尔斯·范多伦 著 郝明 译,376,56.00,38.90,商务印书馆有限公司,10万+,0.98,2014-10-01
11387685,物种起源（彩绘版）/少儿万有经典文库系列[8-14岁],科学,苗德岁 著 郭警 绘,153,68.00,68.00,接力出版社,5万+,0.99,2014-01-01
13153008,亲亲科学图书馆（套装共100册）科普益智版科学启蒙图书[3-6岁],科学,[法] 史黛芬妮·勒迪 等 著 戴尔芬妮•沃弗瑞等 绘 方尔平 姜莹莹 等 译,unknown,1220.00,1128.50,上海文化出版社 安徽教育出版社,20万+,0.99,2021-04-01
10028191163519,儿童百问百答45SOS生存科学我的本科学漫画书十万个为什么百科全书小学生版少儿科学图书书籍,科学,,unknown,30.00,16.80,二十一世纪出版社,1,1.0,unknown
10026612167921,【70册礼盒装】亲亲科学图书馆1-7辑正版儿童书籍幼儿科普绘本阅读启蒙子博物大百科全书十万个为什么,科学,[法] 史黛芬妮•勒迪等 著 玛嘉莉•克拉弗雷 等 绘,unknown,840.00,421.00,上海文化出版社,100+,1.0,2019-03-31
10024578274610,【正版包邮+樊登推荐】减糖生活正确减糖科学饮食教科书水野雅登全2册减糖生活+笔记本【赠减糖打卡表 变瘦健康年轻,科学,,unknown,219.00,29.00,中国中医药出版社,5000+,0.98,unknown
10067200,程序员的自我修养：链接、装载与库(博文视点出品),科学,潘爱民 俞甲子 石凡 著,492,99.00,99.00,电子工业出版社,5万+,0.98,2009-05-01
10885062,怎样解题：数学思维的新方法,科学,[美] G·波利亚 著 涂泓 冯承天 译,231,29.00,29.00,上海科技教育出版社,5万+,0.99,2011-11-01
11351915,国学智力睡前胎教故事（套装共3册）（扫二维码听胎教音乐）,科学,汉竹 著,unknown,105.00,78.80,江苏科学技术出版社,10万+,0.98,2012-05-01
57172400150,科学可以这样看丛书系列26册宇宙探索+构造时间机器+量子宇宙等量子纠缠物理天文学自然科学书籍,科学,,unknown,1412.60,1030.00,重庆出版社,25,1.0,unknown
12657473,DK发明简史[7-14岁],科学,[英] 朱莉·法里斯 [英] 伊莎贝尔·托马斯 等 著,unknown,168.00,146.00,四川科学技术出版社,1万+,0.99,2019-11-01
11889847,DK儿童科学大百科[7-10岁][EncyclopediaofScience],科学,英国DK公司 著 田彩环 译,456,148.00,147.00,中信出版社,5万+,0.99,2016-07-01
10026416529584,秦朝寻宝记+大中华寻宝记系列全套28册内蒙古海南籍新疆大中国书6-12岁小学生地理百科全书自然科学我,科学,,unknown,980.00,450.00,二十一世纪出版社,100+,1.0,unknown
12513696,藏在故事里的科学（套装全5册）[3-6岁],科学,[印] 卡尔萝 [印] R.瑞 著 [印] S.纳撒 [印] S.戈尔 绘,unknown,134.00,97.50,中国人口出版社,2000+,0.99,2019-02-01
10024522748050,恐龙世界寻宝记全2册大中华寻宝记系列6-9-12岁中国环球科普百科书籍儿童图画书我的第一本科学漫画,科学,,unknown,70.00,46.00,二十一世纪出版社,200+,1.0,unknown
72256929279,5册搞笑科普漫画书自然奥秘探索不可思议的现象疯狂的科学世界科学小学生少儿动物恐龙儿童百科全书课外书籍,科学,,unknown,375.00,99.00,北京联合出版公司,28,1.0,unknown
11772471,有机蔬菜科学用药与施肥技术（第二版）,科学,王迪轩 编,292,28.00,22.10,化学工业出版社,100+,0.98,2015-10-01
12413165,神秘科学大探索：以谜题形式展开故事 在故事中 融入科普知识（套装全12册）[4-12岁],科学,约翰·法恩登 等 著,576,249.60,249.60,天津人民出版社,5000+,0.99,2017-12-01
11164246,中国少年儿童百科全书（彩图版套装共4册）[7-10岁],科学,《中国少年儿童百科全书》编委会 编,920,499.00,449.10,吉林人民出版社,1000+,0.97,2011-06-01
11485538,亲亲科学图书馆（第1辑套装共10册）[3-6岁],科学,[法] 史黛芬妮·勒迪 著 [法] 奥瑞丽·吉业瑞 绘 姚美 译,280,120.00,100.00,安徽教育出版社,1万+,0.99,2014-07-01
11988203,物种起源(精)/经典译林[OntheOriginofSpecies],科学,[英] 达尔文 著 苗德岁 译,320,42.00,42.00,译林出版社,2万+,0.99,2016-07-01
27779083417,正版现货走进奇妙的科学世界全套8册幼儿童百科全书3-4-5-6岁幼儿启蒙认知科普书籍科学启蒙绘本,科学,,unknown,96.00,59.80,五洲传播出版社,97,1.0,unknown
11479241,自然科学启蒙（第六辑全6册）5-9岁HarperCollins（启发官方自营店）[3-6岁],科学,[美] 亚瑟·多罗斯 [美] 弗兰·霍奇金斯 [美] 弗兰克林·M.布兰利 等 著 [美] 特鲁·凯利 [美] 凯瑟琳·古切拉 [美] 玛丽·安·弗雷泽 等 绘 范晓星 陈蕙慧 王启荣 等 译,unknown,90.00,68.10,北京联合出版公司,10万+,0.99,2012-12-01
11479236,自然科学启蒙（第八辑全6册）5-9岁HarperCollins（启发官方自营店）[3-6岁],科学,弗兰克林·M.·布兰利 等 著 范晓星 等 译,unknown,90.00,68.10,北京联合出版公司,10万+,0.99,2013-08-01
11479246,自然科学启蒙（第十一辑全6册）5-9岁HarperCollins（启发官方自营店）[3-6岁],科学,凯瑟琳·W.佐伊费尔德 费兰克林·M.布兰利 莫尔文·博尔格 等 著 特鲁·凯里 保罗·迈泽尔 斯泰西·舒特 等 绘 蒋育茬 王玲月 成诚 等 译,unknown,90.00,68.10,北京联合出版公司,10万+,0.99,2014-03-01
11609432,自由在高处（增订版）,科学,熊培云 著,464,42.00,37.00,新星出版社,5万+,0.99,2015-01-01
10023255313110,【正版立减】身边的科学我放大了100倍(精)脚下的秘密大合集共三册正版,科学,,unknown,200.00,109.00,中国水利水电,200+,1.0,2017-11-01
45547381733,亲亲科学图书馆（第1辑套装共10册）[3-6岁]少儿科普百科儿童启蒙认知绘本科学书籍自然启蒙,科学,[法] 史黛芬妮·勒迪 著 [法] 奥瑞丽·吉业瑞 绘 姚美 译,280,120.00,120.00,安徽教育出版社 ,3,1.0,unknown
11698401,张量与黎曼几何：微分方程应用（英文版）[TensorsandRiemannianGeometrywithApplicationstoDifferentialEquations],科学,[瑞典] 伊布拉基莫夫 著,183,59.00,49.80,高等教育出版社,200+,1.0,2015-04-01
11526289,量子力学习题与解答,科学,陈鄂生 李明明 著,440,69.00,54.50,科学出版社,1000+,0.98,2012-01-01
11573978,如何阅读一本书（精装）,科学,[美] 莫提默·J.艾德勒 查尔斯·范多伦 著 郝明 译,376,56.00,38.90,商务印书馆有限公司,10万+,0.98,2014-10-01
11387685,物种起源（彩绘版）/少儿万有经典文库系列[8-14岁],科学,苗德岁 著 郭警 绘,153,68.00,68.00,接力出版社,5万+,0.99,2014-01-01
13153008,亲亲科学图书馆（套装共100册）科普益智版科学启蒙图书[3-6岁],科学,[法] 史黛芬妮·勒迪 等 著 戴尔芬妮•沃弗瑞等 绘 方尔平 姜莹莹 等 译,unknown,1220.00,1128.50,上海文化出版社 安徽教育出版社,20万+,0.99,2021-04-01
10030190238519,官方正版】憨爸推荐新科技驾到孩子看得懂的科学漫画全10册漫阅童书出品科普百科绘本书籍儿童书新科正版,科学,,unknown,109.00,109.00,北京理工大学出版社,14,1.0,unknown
10026612167921,【70册礼盒装】亲亲科学图书馆1-7辑正版儿童书籍幼儿科普绘本阅读启蒙子博物大百科全书十万个为什么,科学,[法] 史黛芬妮•勒迪等 著 玛嘉莉•克拉弗雷 等 绘,unknown,840.00,421.00,上海文化出版社,100+,1.0,2019-03-31
10024578274610,【正版包邮+樊登推荐】减糖生活正确减糖科学饮食教科书水野雅登全2册减糖生活+笔记本【赠减糖打卡表 变瘦健康年轻,科学,,unknown,219.00,29.00,中国中医药出版社,5000+,0.98,unknown
10067200,程序员的自我修养：链接、装载与库(博文视点出品),科学,潘爱民 俞甲子 石凡 著,492,99.00,99.00,电子工业出版社,5万+,0.98,2009-05-01
10885062,怎样解题：数学思维的新方法,科学,[美] G·波利亚 著 涂泓 冯承天 译,231,29.00,29.00,上海科技教育出版社,5万+,0.99,2011-11-01
11351915,国学智力睡前胎教故事（套装共3册）（扫二维码听胎教音乐）,科学,汉竹 著,unknown,105.00,78.80,江苏科学技术出版社,10万+,0.98,2012-05-01
10027836206966,亲亲科学图书馆(礼盒装40册)太空宇宙2-3-6岁儿童百科全书趣味科学书丛书科普书籍,科学,,unknown,480.00,288.00,安徽教育出版社,0,1.0,unknown
12657473,DK发明简史[7-14岁],科学,[英] 朱莉·法里斯 [英] 伊莎贝尔·托马斯 等 著,unknown,168.00,146.00,四川科学技术出版社,1万+,0.99,2019-11-01
11889847,DK儿童科学大百科[7-10岁][EncyclopediaofScience],科学,英国DK公司 著 田彩环 译,456,148.00,147.00,中信出版社,5万+,0.99,2016-07-01
10026416529584,秦朝寻宝记+大中华寻宝记系列全套28册内蒙古海南籍新疆大中国书6-12岁小学生地理百科全书自然科学我,科学,,unknown,980.00,450.00,二十一世纪出版社,100+,1.0,unknown
12513696,藏在故事里的科学（套装全5册）[3-6岁],科学,[印] 卡尔萝 [印] R.瑞 著 [印] S.纳撒 [印] S.戈尔 绘,unknown,134.00,97.50,中国人口出版社,2000+,0.99,2019-02-01
10024522748050,恐龙世界寻宝记全2册大中华寻宝记系列6-9-12岁中国环球科普百科书籍儿童图画书我的第一本科学漫画,科学,,unknown,70.00,46.00,二十一世纪出版社,200+,1.0,unknown
66471297982,亲亲科学图书馆(礼盒装40册)太空宇宙2-3-6岁儿童百科全书趣味科学书丛书科普书籍,科学,,unknown,480.00,288.00, 安徽教育出版社,1,1.0,unknown
11772471,有机蔬菜科学用药与施肥技术（第二版）,科学,王迪轩 编,292,28.00,22.10,化学工业出版社,100+,0.98,2015-10-01
12413165,神秘科学大探索：以谜题形式展开故事 在故事中 融入科普知识（套装全12册）[4-12岁],科学,约翰·法恩登 等 著,576,249.60,249.60,天津人民出版社,5000+,0.99,2017-12-01
11164246,中国少年儿童百科全书（彩图版套装共4册）[7-10岁],科学,《中国少年儿童百科全书》编委会 编,920,499.00,449.10,吉林人民出版社,1000+,0.97,2011-06-01
11485538,亲亲科学图书馆（第1辑套装共10册）[3-6岁],科学,[法] 史黛芬妮·勒迪 著 [法] 奥瑞丽·吉业瑞 绘 姚美 译,280,120.00,100.00,安徽教育出版社,1万+,0.99,2014-07-01
11988203,物种起源(精)/经典译林[OntheOriginofSpecies],科学,[英] 达尔文 著 苗德岁 译,320,42.00,42.00,译林出版社,2万+,0.99,2016-07-01
10028193714366,正版澳门寻宝记大中华寻宝漫画书系列22中国地理百科全书幼儿全书全套儿童世界科普6-12周岁科学书籍,科学,,unknown,35.00,19.80,二十一世纪出版社,0,1.0,unknown
37432258236,小牛顿科学馆（全新升级版）·地球的资源,科学,台湾牛顿出版股份有限公司 著 于露 郝娜 编,unknown,120.00,66.00,接力出版社,79,1.0,2017-07-28
67236615431,玩转科学游戏中的科学大脑开发张狂科普正版,科学,,unknown,88.00,29.80,北京联合出版公司,500+,1.0,unknown
12529366,DK科普图书：不可思议的科学现象（带你探求各种神奇的科学现象）[7-14岁],科学,罗宾·克罗德 莎伦·安·霍尔盖特 著,152,108.00,100.80,四川科学技术出版社,1万+,0.99,2018-12-01
10032153284493,给忙碌青少年讲科学系列（共9册）',科学,' 编,unknown,522.00,266.81,天津科技,3,1.0,2021-05-15
12349894,趣味科学小学生课外阅读书籍三四五六年级老师推荐课外书必读儿童读物故事书,科学,龚勋 编,252,19.80,16.20,汕头大学出版社,10万+,0.99,2016-08-01
10028977535394,去旅行看中国博物馆名胜古迹中国地理奇观精装绘本全景手绘图科普百科绘本小学生课外阅读科学书籍全套3册,科学,,unknown,234.00,88.00,吉林美术出版社,2,1.0,unknown
10023053111001,【系列自选】可怕的科学科学朗读者（含3-7艾琳的探险之旅）可怕的科学经典科学系列盒装经典科学系列全26册,科学,[英] 卡佳坦·波斯基特 原著（英）菲利浦· 编,unknown,1681.00,351.00,北京少儿,200+,0.97,2012-01-01
11641169,共和国科学拓荒者传记系列：钱学森传,科学,叶永烈 著,338,36.00,36.00,中国青年出版社,1万+,0.99,2015-02-01
10025256478478,【正版】梦圆大地袁隆平传中国神农的世界传奇中国科学家袁隆平的世界口述自传传记袁隆平传单册,科学,姚昆仑 著,unknown,187.00,21.50,中国地图,200+,1.0,2015-07-01
10029767597406,绝境生存系列40-42全3册台风求生记+沼泽湿地求生记+龙卷风求生记儿童科学百科,科学,,unknown,105.00,69.00,二十一世纪出版社,5,1.0,unknown
11280946,诺贝尔奖获得者与儿童对话[11-14岁],科学,[德] 贝蒂娜·施蒂克尔 编 张荣昌 译,202,39.00,31.90,生活·读书·新知三联书店,1万+,0.99,2013-07-01
58208903929,现货挑选】俄罗斯大师趣味科学丛书全10册趣味物理学全10册趣味科普类书籍物理学代数学几何天文学俄罗斯大师科学丛书全10册,科学,,unknown,308.00,135.00,中国妇女出版社,43,1.0,unknown
54676118213,【正版包邮】这就是物理全10册漫画全套美国经典物理科学启蒙全书物理启蒙漫画书,科学,,unknown,200.00,104.00,中国科学技术,1000+,0.98,unknown
10029062386143,自驱型成长如何科学有效培养孩子的自律正面管教正版父母的语言你就是孩子好的玩具家庭教育儿书籍,科学,,unknown,75.00,34.20,机械工业出版社,2000+,0.98,unknown
12107975,战争工程论：走向信息时代的战争方法学（修订版）,科学,胡晓峰 著,377,160.00,158.40,科学出版社,5000+,0.99,2017-06-01
1411354625,人类简史从动物到上帝第十届文津图书奖获奖,科学,[以] 尤瓦尔·赫拉利(YuvalNoahHarar 著,unknown,68.00,42.20,中信出版社,1万+,0.98,2017-02-01
10026435244514,单选】8册数学世界历险记全套我的第一本科学漫画书小学生科学书6-10岁儿童科普读物课外书数学世界历险记全套8册,科学,,unknown,280.00,129.00,二十一世纪出版社,19,1.0,2020-05-31
10024578995410,全套3册趣味数学三年级四年级思维训练益智故事书小学生阅读课外书籍老师推荐阅读6-9-12岁儿童读物趣味科学,科学,,unknown,177.00,15.80,北京联合出版公司,37,1.0,unknown
10031474049785,机械里的科学课书（全10册）机械里的科学课-难不倒的克罗罗,科学,上尚印像 编,unknown,200.00,109.00,特殊出版社,70,1.0,2021-04-01
11767959,梦圆大地：袁隆平传,科学,姚昆仑 著,248,46.00,46.00,中国地图出版社,2000+,1.0,2015-07-01
11863252,千面英雄（坎贝尔奠基之作）[THEHEROWITHATHOUSANDFACES],科学,[美] 约瑟夫·坎贝尔（Joseph Campbell） 著 邵琪 编 黄珏苹 译,426,99.90,74.90,浙江人民出版社,2万+,0.99,2016-02-01
13109350,给孩子的漫画简史宇宙简史+数学简史（孩子能读懂的科学启蒙书 中科院国家天文台李海宁审订2册）[7岁+],科学,[英] 克莱夫·吉福德 著 [英] 罗伯·弗劳尔斯 绘 秦鹏 译,unknown,156.00,110.00,西安出版社,20万+,0.98,2021-01-01
10026361341373,亲亲科学图书馆第8辑(全10册)幼儿图书早教书故事书儿童书籍,科学,[法] 史黛芬妮·勒迪 著,unknown,120.00,62.50,上海文化出版社,6,1.0,2021-02-01
10031512944503,玩转科学实验套装全套五册精装书籍哈佛学生都在做的900个思维游戏全世界优等生都在做的999个,科学,,unknown,375.00,85.00,北京联合出版公司,4,1.0,unknown
33634093649,玩转几何/经典数学系列/可怕的科学,科学,[英] 卡佳坦·波斯基特 原著（英）菲利浦· 编,unknown,29.00,11.59,北京少儿,16,1.0,2012-01-01
10025997164427,去野外探索大自然之旅精装版儿童科普百科图书,科学,[葡] 伊内斯·特谢拉·多罗萨里奥 著 张晓非 译,367,98.00,43.00,广西科学技术出版社,3,1.0,unknown
13106088,简单有趣的120个科学游戏（全4册）小学生科学实验游戏120个漫画故事带音频视频讲解[7-14岁],科学,唐敏 编,384,60.00,25.80,北京教育出版社,5万+,0.99,2020-10-01
12020060,合众科学译丛：费马大定理,科学,[美] 阿米尔•艾克塞尔 著 左平 译,132,20.00,20.00,上海科学技术文献出版社,5000+,0.98,2016-07-01
49295196801,妙趣科学立体翻翻书（幼儿版）7：奇妙的森林,科学,,32,28.00,13.40,北京科学技术出版社,500+,0.98,2014-10-01
10033082469797,趣味科学小学生课外阅读书籍科普百科有趣的科学知识奇妙的宇宙地球自然动物植物奥秘,科学,,unknown,55.00,24.51,北京联合出版公司,0,1.0,unknown
12000201,亲亲科学图书馆（第3辑套装共10册）[3-6岁],科学,[法] 史黛芬妮·勒迪 著 [法] 埃里克·伽斯德 等 绘 沈志红 译,280,120.00,100.00,安徽教育出版社,5000+,0.99,2016-12-01
11375602,十万个为什么（青少版全4册）15个门类1000个问题2000幅精美图片[11-14岁],科学,张丽丽 编,832,128.00,73.00,北京教育出版社,5万+,0.99,2014-01-01
10541568597,儿童百问百答37惊人科学事件7-14岁少儿经典图书畅销科普百科全书小学生阅读科学探索谜题探究,科学,,unknown,30.00,18.00,二十一世纪出版社,100+,1.0,unknown
11841743,太阳能制氢的能量转换、储存及利用系统氢经济时代的科学和技术[SolarHydrogenEnergySystems：ScienceandTechnolo],科学,[意] 加布里埃莱·齐尼（Gabriele Zini） [意] 保罗·塔塔里尼 著 李朝升 译,152,59.80,47.20,机械工业出版社,2000+,0.98,2015-12-01
32198603793,秦朝大中华寻宝记2第二辑(5-8)共4册科学漫画书中国地理文化山东四川湖北浙江6-12岁科普百科全书,科学,,unknown,140.00,91.00,二十一世纪出版社,200+,1.0,unknown
10031512944503,玩转科学实验套装全套五册精装书籍哈佛学生都在做的900个思维游戏全世界优等生都在做的999个,科学,,unknown,375.00,85.00,北京联合出版公司,4,1.0,unknown
13287096,植物生物化学与分子生物学（原书第二版）,科学,〔美〕B.B. 布坎南 〔瑞士〕W. 格鲁伊森姆 〔美〕R.L. ... 著 瞿礼嘉 赵进东 秦跟基 钟声 李继刚 ... 译,unknown,528.00,417.10,科学出版社,80,1.0,2021-06-01
12876479,未来食品科学与技术,科学,刘元法 陈坚 著,377,198.00,152.40,科学出版社,3,1.0,2021-06-01
10029061579706,特别要命的数学(新修订)/经典数学系列/可怕的科学,科学,,151,25.00,15.75,北京少年儿童出版社,1,1.0,2010-01-01
11675599,霍金三部曲经典著作套装时间简史果壳中的宇宙大设计套装共3册ABRIEFHISTORYOFTIMESTEPHENHAWKING's[ABRIEFHISTORYOFTIMESTEPHENHAWKING's],科学,[英] 史蒂芬·霍金 著 许明贤  吴志超 译,unknown,135.00,81.00,湖南科学技术出版社,20万+,0.98,2015-03-01
11893568,身边的微百科（注音版全6册恐龙小Q）[3-6岁],科学,木头人儿童创想中心 编,384,87.00,65.30,煤炭工业出版社,2000+,0.99,2016-04-01
71514301402,原创奇趣植物科普绘本全10册科普绘本儿童书籍科学启蒙图书故事书绘本3-6岁早教启蒙科普百科故事书,科学,,unknown,148.00,39.99,世纪图书出版社,7,1.0,unknown
37432258236,小牛顿科学馆（全新升级版）·地球的资源,科学,台湾牛顿出版股份有限公司 著 于露 郝娜 编,unknown,120.00,66.00,接力出版社,79,1.0,2017-07-28
67236615431,玩转科学游戏中的科学大脑开发张狂科普正版,科学,,unknown,88.00,29.80,北京联合出版公司,500+,1.0,unknown
12529366,DK科普图书：不可思议的科学现象（带你探求各种神奇的科学现象）[7-14岁],科学,罗宾·克罗德 莎伦·安·霍尔盖特 著,152,108.00,100.80,四川科学技术出版社,1万+,0.99,2018-12-01
10032153284493,给忙碌青少年讲科学系列（共9册）',科学,' 编,unknown,522.00,266.81,天津科技,3,1.0,2021-05-15
12349894,趣味科学小学生课外阅读书籍三四五六年级老师推荐课外书必读儿童读物故事书,科学,龚勋 编,252,19.80,16.20,汕头大学出版社,10万+,0.99,2016-08-01
10027835442151,【礼盒装30册】亲亲科学图书馆恐龙2-3-6岁儿童百科全书趣味科学书启蒙丛书科普书籍,科学,,unknown,362.00,216.00,上海文化出版社,0,1.0,unknown
10023053111001,【系列自选】可怕的科学科学朗读者（含3-7艾琳的探险之旅）可怕的科学经典科学系列盒装经典科学系列全26册,科学,[英] 卡佳坦·波斯基特 原著（英）菲利浦· 编,unknown,1681.00,351.00,北京少儿,200+,0.97,2012-01-01
11641169,共和国科学拓荒者传记系列：钱学森传,科学,叶永烈 著,338,36.00,36.00,中国青年出版社,1万+,0.99,2015-02-01
10025256478478,【正版】梦圆大地袁隆平传中国神农的世界传奇中国科学家袁隆平的世界口述自传传记袁隆平传单册,科学,姚昆仑 著,unknown,187.00,21.50,中国地图,200+,1.0,2015-07-01
10029767597406,绝境生存系列40-42全3册台风求生记+沼泽湿地求生记+龙卷风求生记儿童科学百科,科学,,unknown,105.00,69.00,二十一世纪出版社,5,1.0,unknown
11280946,诺贝尔奖获得者与儿童对话[11-14岁],科学,[德] 贝蒂娜·施蒂克尔 编 张荣昌 译,202,39.00,31.90,生活·读书·新知三联书店,1万+,0.99,2013-07-01
10032485609245,新科技驾到全10册孩子读得懂的十大前沿科学漫画米莱童书科普百科5-12岁物理生物地理儿童漫画书籍课外套装,科学,,unknown,200.00,109.00,北京理工大学出版社,5,1.0,2021-05-01
54676118213,【正版包邮】这就是物理全10册漫画全套美国经典物理科学启蒙全书物理启蒙漫画书,科学,,unknown,200.00,104.00,中国科学技术,1000+,0.98,unknown
10029062386143,自驱型成长如何科学有效培养孩子的自律正面管教正版父母的语言你就是孩子好的玩具家庭教育儿书籍,科学,,unknown,75.00,34.20,机械工业出版社,2000+,0.98,unknown
12107975,战争工程论：走向信息时代的战争方法学（修订版）,科学,胡晓峰 著,377,160.00,158.40,科学出版社,5000+,0.99,2017-06-01
1411354625,人类简史从动物到上帝第十届文津图书奖获奖,科学,[以] 尤瓦尔·赫拉利(YuvalNoahHarar 著,unknown,68.00,42.20,中信出版社,1万+,0.98,2017-02-01
10026435244514,单选】8册数学世界历险记全套我的第一本科学漫画书小学生科学书6-10岁儿童科普读物课外书数学世界历险记全套8册,科学,,unknown,280.00,129.00,二十一世纪出版社,19,1.0,2020-05-31
26981137376,正版大中华寻宝记全套27册单本海南新疆寻宝记内蒙古7-10岁我的第一本科学漫画书儿童人文地理书籍天津寻宝记,科学,,unknown,945.00,15.50,二十一世纪出版社,1万+,0.99,unknown
64909548206,超级武器大师系列全4册枪械大师+陆地霸主+空天战争+海中奇迹韩雨江少儿科普类的书籍,科学,,unknown,352.00,149.90,吉林科学技术出版社,0,1.0,unknown
12929308,德国少年儿童百科知识全书未来科技篇套装全3册什么是什么珍藏版7-10小学一年级二年级十万个为什么科普读物[7-14岁],科学,[德] 班恩德·佛勒斯纳等 著 海豚传媒 编 林碧清等 译,168,105.00,100.00,长江少年儿童出版社,2万+,0.99,2020-08-01
11074902,趣味科学大联盟：有趣得让人睡不着的数学,科学,[日] 樱井进（桜井進） 著 陈晓丹 译,138,25.00,25.00,人民邮电出版社,5万+,0.99,2012-09-01
12867791,感情不能解决的事婚姻律师写给女人的真心建议京东尊享作者签名版,科学,张佳佳 著,444,68.00,47.60,中信出版集团股份有限公司,22,1.0,2021-07-01
10023004715943,【包邮正版】饮食术:风靡日本的科学饮食教科书,科学,[日] 牧田善二 编,unknown,59.80,33.10,中国中医药,2000+,0.97,2020-09-22
10026321769108,正版全3册玩转科学:游戏中的科学和知识+哈佛学生全世界优等生都在做的900个思维游戏书籍,科学,白虹 方怡 著,425,225.00,58.00,北京联合出版公司,10,1.0,2014-10-01
12708361,奇趣大课堂立体书礼盒装（全5册）少儿理科启蒙书化学+物理+数学+生物+科学+打卡挂图+元素周期表[4-10岁],科学,[英] 汤姆·亚当斯 [英] 乔纳森·利腾 [英] 托马斯·弗林萨姆 著,unknown,660.00,450.00,陕西人民教育出版社,10万+,0.99,2020-02-01
12040580,什么是什么珍藏版第1辑飞机的秘密[8-12岁],科学,[德] 马丁·卡鲁札 著 海豚传媒 编 林碧清 译,48,35.00,33.30,长江少年儿童出版社,1万+,0.99,2016-11-01
10559255,认知神经科学：关于心智的生物学,科学,[美] 葛詹尼加 等 著 周晓林 高定国 等 译,618,180.00,111.60,中国轻工业出版社,5000+,0.99,2011-02-01
12625293,STEAM科学盒子：弹珠轨道（儿童问题解决力养成）[6岁+],科学,[英] 罗伯 科尔森 文（英）埃里克 史密斯 绘,64,198.00,196.00,陕西人民教育出版社,10万+,0.99,2019-10-01
13314464,我的第一本科学漫画书：儿童百问百答全集1-58（套装58册）小学生课外阅读图书[6-12岁],科学,权灿好 著,unknown,1740.00,1208.30,二十一世纪出版社,0,1.0,2021-04-01
66894665207,少儿金典科普知识问与答彩图注音版儿童科普类书籍读物科学知识探索未解之谜人体宇宙奥秘十万个为什,科学,,unknown,55.00,18.80,江西美术出版社,19,1.0,unknown
11159250,知否探索馆顶级儿童百科（全新版）[7-10岁],科学,[加拿大] 艾伦·戴尔 等 著 姜超 等 译,306,100.00,100.00,晨光出版社,5000+,0.99,2013-01-01
11966296,TCP/IP详解卷1：协议（原书第2版）,科学,[美] 凯文R.福尔（Kevin R. Fall） 著 吴英 张玉 许昱玮 译 吴功宜 校,unknown,129.00,86.00,机械工业出版社,2万+,0.98,2016-07-01
12863890,恐龙在中国（套装5册）[7-14岁],科学,合众美华教育 著,872,516.00,516.00,科学普及出版社,1000+,0.98,2019-05-01
10025853430633,宝贝爱理科·超棒的儿童科学图画书（物理、化学、生物套装）（共27册）,科学,韩国 URI 科学编委会著 王媛媛等译... 编,unknown,220.00,87.33,长江少儿,6,1.0,2020-04-01
11516195,DK少儿科普书系：翻开大动物[7-10岁],科学,[英] 玛丽·格林伍德 著 文星 译,15,98.00,98.00,科学普及出版社,1000+,0.99,2014-06-01
70942069510,【领券减100】彩色悦读馆精装珍藏版九册套装：玩转科学+级记忆术+思维导图儿童科普百科书籍,科学,白虹 方怡 著,unknown,675.00,229.00,北京联合出版公司,100+,0.95,unknown
10025367545216,【正版包邮】以科学之名破坏这本书(共4册),科学,[英] 迈克·巴菲尔德|责编：王丹|译者：马瑞... 编,1,158.00,88.00,电子工业,14,1.0,2020-06-01
11479238,自然科学启蒙（第三辑全6册）3-6岁HarperCollins（启发官方自营店）[3-6岁],科学,玛丽·安妮·弗雷泽 弗兰克林·M.布兰利 阿丽奇 等 著 爱德华·米勒 莉齐·罗克韦尔 兰伯特·戴维斯 等 绘 陈蕙慧 范晓星 傅玉茹 等 译,unknown,90.00,68.10,北京联合出版公司,10万+,0.99,2012-05-01
13279574,科学家给孩子的12封信：家门口的植物课[6-14岁],科学,史军 著,unknown,35.00,28.80,中国大百科全书出版社,5000+,0.99,2021-05-01
10023053111002,【系列自选】可怕的科学科学朗读者（含3-7艾琳的探险之旅）可怕的科学经典科学系列盒装科学新知系列全17册,科学,[英] 卡佳坦·波斯基特 原著（英）菲利浦· 编,unknown,1681.00,225.00,北京少儿,200+,0.97,2012-01-01
11362487,地心游记中小学课外阅读无障碍阅读智慧熊图书,科学,[法] 儒勒·凡尔纳 著 闻钟 编,240,16.80,14.30,南方出版社,100万+,0.99,2021-04-01
10027765194192,全套8册异想天开1000问丛书科学游戏十万个为什么儿童版儿童百科全书科普类书籍绘本3-6年级课外必读,科学,,unknown,158.40,92.00,北京少年儿童出版社,2,1.0,unknown
11587480,最新版折纸大全[Origami],科学,[英] 里克·比奇 著 王晨曦 译,256,68.00,64.00,河南科学技术出版社,1万+,0.98,2014-12-01
12801748,奇妙地球透视镜/哆啦A梦科学世界,科学,[日] 藤子·F·不二雄 著 日本小学馆 编 吕影 译,unknown,25.00,25.00,吉林美术出版社,2000+,0.99,2019-07-01
10944616,怀孕圣经（2018全新升级修订版）出版14年全球热销过百万册 《辣妈正传》《一仆二主》电视剧曝光率高的怀孕宝典,科学,[英] 安妮·迪安 著 李振华 译,375,69.80,69.10,山东科学技术出版社,2万+,0.98,2012-03-01
10022203468488,小彗星旅行记绘本自然科学类书籍小学生一年级必读课外书儿童读物班主任指定书目阅读小慧星图书二年,科学,,unknown,40.00,29.80,人民邮电出版社,200+,1.0,unknown
10031832687286,可怕的科学全套23册妙趣科学/妙趣实验/妙趣历史/妙趣地理儿童科普百科全书小学生课外书必读揭秘人体,科学,,unknown,455.40,320.00,北京少年儿童出版社,1,1.0,unknown
10032485609245,新科技驾到全10册孩子读得懂的十大前沿科学漫画米莱童书科普百科5-12岁物理生物地理儿童漫画书籍课外套装,科学,,unknown,200.00,109.00,北京理工大学出版社,5,1.0,2021-05-01
10031517477360,这就是物理&这就是化学&地理&科学&数学&新科技驾到&国家地理百科&时间的礼物可选数理化科普百科全6册】这就是数学+这就是科学,科学,,unknown,816.00,78.00,北京理工大学出版社,25,1.0,unknown
12099462,未来简史人类简史三部曲系列尤瓦尔赫拉利作品中信出版社,科学,[以色列] 尤瓦尔·赫拉利 著 林俊宏 译,416,68.00,51.00,中信出版社,50万+,0.99,2017-03-01
10020780,手筋专项训练：从入门到10级,科学,张杰 著,202,25.00,16.90,辽宁科学技术出版社,2万+,0.99,2009-10-01
10032241719992,加古里子(地球的力量科学绘本共10册)日本科学绘本之父3-6岁少儿的自然科学启蒙绘本科普读懂地球,科学,,unknown,198.00,68.00,电子工业出版社,2,1.0,unknown
11348966,全图解钩针编织新手入门,科学,日本宝库社 编 梦工房 译,78,36.00,36.00,河南科学技术出版社,2000+,0.98,2013-11-01
71533991413,玩转科学游戏中的科学全套2册小学生三四五六年级课外书必读科学百科全书科普书籍玩转科学实验,科学,,unknown,130.00,36.00,北京联合出版公司,19,1.0,unknown
10025174943872,这就是物理&这就是化学&地理&科学&数学&新科技驾到可选儿童启蒙漫画米莱童书绘本数理化科普百科这就是地理8册+这就是物理10册（套装共18册）,科学,,unknown,386.00,158.00,出版社,2000+,0.98,unknown
11479240,自然科学启蒙（第二辑全6册）3-6岁HarperCollins（启发官方自营店）[3-6岁],科学,温迪·普费弗 克莱德·罗伯特·布拉·艾米·E.斯克兰斯基 著 玛丽·安妮·弗雷泽 霍利·凯勒 阿丽奇 等 绘 郭妙芳 谢维玲 范晓星 等 译,194,90.00,68.10,北京联合出版公司,10万+,0.99,2012-05-01
12002029,追寻古文明/探索发现科学馆,科学,探索者编委会 编,177,38.80,29.10,黑龙江科学技术出版社,20万+,0.98,2016-11-01
10028420822128,【领券立减】可怕的科学系列全6册可怕的食物人体灾难动物探索激发孩子阅读兴趣的300个百科揭秘科普书可怕的科学6册盒装,科学,,unknown,136.80,136.80,中国和平出版社,10,1.0,unknown
58463158796,揭秘自然(低幼版)(精)尤斯伯恩看里面3-4-6岁儿童绘本故事3d翻翻立体书籍自然科学知识百科大全,科学,,unknown,68.80,51.60,接力出版社,25,1.0,unknown
66737339120,全6册身边亲近的化学儿童科普百科科学实验漫画6-12岁书籍央视品质保障,科学,,unknown,136.80,42.80,北方妇女儿童出版社,1,1.0,unknown
12271351,格兰特船长的儿女,科学,[法] 儒勒·凡尔纳 著 范希衡 译,654,58.00,42.30,中国青年出版社,2万+,0.99,2018-01-01
10030179867479,【全50册礼盒装】亲亲科学图书馆儿童百科全书幼儿书籍绘本十万个为什么3-6岁,科学,[法] 史黛芬妮•勒迪 著 [法] 卡米耶•鲁瓦 等 绘 方尔平 等 译,unknown,600.00,309.00,上海文化出版社 安徽教育出版社,3,1.0,2021-03-31
11692370,孩子提问题大师来回答（套装共2册）[3-6岁],科学,[英] 杰玛·埃尔文·哈里斯（Gemma Elwin Harris） 著 杜冰 译,500,73.60,73.60,上海社会科学院出版社,5000+,0.99,2015-06-01
10029396180038,【现货包邮+抽赠高效学习策略5册套装】考试脑科学脑科学中的高效记忆法+最强大脑共2册,科学,,unknown,243.80,39.80,人民邮电出版社,5000+,0.98,unknown
12734869,DK身临其境的科学,科学,[英] 玛蒂尔达·格伦 著 杨静 译,unknown,198.00,173.30,四川科学技术出版社,65,1.0,2019-12-01
26981137376,正版大中华寻宝记全套27册单本海南新疆寻宝记内蒙古7-10岁我的第一本科学漫画书儿童人文地理书籍天津寻宝记,科学,,unknown,945.00,15.50,二十一世纪出版社,1万+,0.99,unknown
71682188029,3册数学家的故事+数学大世界+科学家故事100个数学家科学家的成长故事小学二三四年级课外阅读,科学,,unknown,95.00,54.80,湖北科学技术出版社,49,1.0,unknown
12387055,和自然一起长大 我的植物朋友（套装共10册）[3-6岁],科学,小橡果工作室 著,288,168.00,166.30,江苏凤凰科学技术出版社,5000+,0.98,2018-07-01
13307732,中唐时期的空间想象：地理学、制图学与文学,科学,[美] 王敖 著 王治田 译 译,260,42.00,42.00,长江文艺出版社,66,1.0,2021-05-01
12657212,【樊登推荐】【2019中国好书】奇妙量子世界人人都能看懂的量子科学漫画,科学,墨子沙龙 著,275,79.00,79.00,人民邮电出版社,5万+,0.99,2019-07-01
13169358,哇 科学有故事！（第三辑）：日常生活·尖端科技[学龄前和小学低年级],科学,[韩] 金恩珠 著 [韩] 尹正珠 绘 千太阳 译,396,218.00,215.80,东方出版社,1000+,0.99,2021-04-01
70733014610,海南寻宝记单本大中华寻宝记系列27儿童中国地理6-12周岁小学生课外阅读书籍世界科普科学海南寻宝记,科学,,unknown,35.00,35.00,二十一世纪出版社集团有限公司,8,1.0,unknown
64909548206,超级武器大师系列全4册枪械大师+陆地霸主+空天战争+海中奇迹韩雨江少儿科普类的书籍,科学,,unknown,352.00,149.90,吉林科学技术出版社,0,1.0,unknown
12929308,德国少年儿童百科知识全书未来科技篇套装全3册什么是什么珍藏版7-10小学一年级二年级十万个为什么科普读物[7-14岁],科学,[德] 班恩德·佛勒斯纳等 著 海豚传媒 编 林碧清等 译,168,105.00,100.00,长江少年儿童出版社,2万+,0.99,2020-08-01
11074902,趣味科学大联盟：有趣得让人睡不着的数学,科学,[日] 樱井进（桜井進） 著 陈晓丹 译,138,25.00,25.00,人民邮电出版社,5万+,0.99,2012-09-01
12867791,感情不能解决的事婚姻律师写给女人的真心建议京东尊享作者签名版,科学,张佳佳 著,444,68.00,47.60,中信出版集团股份有限公司,22,1.0,2021-07-01
10023004715943,【包邮正版】饮食术:风靡日本的科学饮食教科书,科学,[日] 牧田善二 编,unknown,59.80,33.10,中国中医药,2000+,0.97,2020-09-22
70733014610,海南寻宝记单本大中华寻宝记系列27儿童中国地理6-12周岁小学生课外阅读书籍世界科普科学海南寻宝记,科学,,unknown,35.00,35.00,二十一世纪出版社集团有限公司,8,1.0,unknown
36978133525,空间简史[意]托马斯·马卡卡罗著一部空间探索史人类研究空间历史之作与时间简史人类简史,科学,,unknown,39.80,14.14,四川文艺出版社,500+,1.0,2019-01-01
11989182,知否探索馆UTOP权威探秘百科海洋[7-10岁],科学,[美] 贝弗莉·麦克米伦 [美] 约翰·缪吉克 著 姜超 译,64,24.80,24.80,云南出版集团公司晨光出版社,1000+,0.99,2016-07-01
12895838,DK有趣的科学：什么组成我vs什么指挥我（套装2册）[11-14岁],科学,英国DK出版社 著,192,99.60,99.60,科学普及出版社,2万+,0.98,2013-06-01
11219400,分子生物学（原书第五版）,科学,[美] Robert F. Weaver 著 郑用琏 等 译,944,160.00,104.00,科学出版社,1万+,0.98,2013-03-01
12013344,拉鲁斯趣味科学馆·神奇的自然[7-10岁],科学,法国拉鲁斯出版社 著,unknown,28.50,21.40,吉林科学技术出版社,20万+,0.99,2016-06-01
70942069510,【领券减100】彩色悦读馆精装珍藏版九册套装：玩转科学+级记忆术+思维导图儿童科普百科书籍,科学,白虹 方怡 著,unknown,675.00,229.00,北京联合出版公司,100+,0.95,unknown
12861235,正确减糖（科学、正确、能坚持的减糖饮食法 让你愉快地吃 痛快地瘦 皮肤好、情绪好、老得慢 践行健康的生活饮食方式。）,科学,[日] 小田原雅人 [日] 沼津利恵 著,144,59.90,46.70,科学技术文献出版社,1000+,1.0,2021-06-01
12386773,你不可不知的科学之谜世界未解之谜中小学生科普读物少儿百科三四五六年级课外阅读书少年探索发现系列,科学,龚勋 著,unknown,19.80,16.20,汕头大学出版社,5万+,0.99,2018-01-01
13322430,欧洲编织17：清爽舒适的应季手编,科学,日本宝库社 著 如鱼得水 译,88,39.80,39.80,河南科学技术出版社,6,1.0,2021-06-01
43726779990,思想实验(当哲学遇见科学),科学,赵丹 编,unknown,39.80,18.30,化学工业,37,1.0,2019-04-01
10025672706321,【DK图解系列3册】图解数学+科学技术与工程+图解计算机科学儿童STEM创新思维培养套装共3册,科学,,unknown,464.00,288.00,清华大学出版社,100+,1.0,unknown
34356797119,正版现货小牛顿科学故事馆共6册儿童科普读物科普百科全书小学生课外阅读书籍,科学,小牛顿科学教育公司编辑团队 著,unknown,178.80,80.00,北京时代华文书局,200+,0.97,2018-07-31
58463068043,正版揭秘农场尤斯伯恩看里面揭秘系列低幼版儿童3d立体翻翻书百科全书3-6-10岁小学科学课外图书,科学,,unknown,68.80,51.60,接力出版社,17,1.0,2018-12-01
10021344877428,正版DK有趣的科学全套10册温斯顿儿童数学思维训练百科魔术师玩转数与形化学小学生大脑智力DK科普全10册【精装版】,科学,林云裳 译,unknown,488.00,238.00,科普,96,1.0,unknown
10020627806617,世界上最软最软的物理书(珍藏版)/我超喜欢的趣味科学书,科学,[韩] 崔原硕|译者：千太阳|绘画：（韩）李知... 编,135,48.00,33.60,中信,4,1.0,2013-01-01
13314476,一年级爱科学（彩色注音版全12册）春风文艺出版社科学童话中小学生课外阅读图书[7-10岁],科学,王维浩 著,unknown,264.00,183.30,春风文艺出版社,0,1.0,2015-11-01
12002315,上海三联人文经典书库:词与物人文科学的考古学（修订译本）,科学,[法] 米歇尔·福柯 著 莫伟民 译,403,66.00,49.50,上海三联书店,2000+,0.99,2016-07-01
10026321769108,正版全3册玩转科学:游戏中的科学和知识+哈佛学生全世界优等生都在做的900个思维游戏书籍,科学,白虹 方怡 著,425,225.00,58.00,北京联合出版公司,10,1.0,2014-10-01
13098064,美国国家地理经典小百科3-6岁虫虫百科蝴蝶蜘蛛蚂蚁蜜蜂蜻蜓蚱蜢（全6册）[3-6岁],科学,[英] 吉妮·约翰逊 著 [德] 德西德里欧·桑吉 绘 钟慧元 译,144,90.00,90.00,中国纺织出版社,2000+,0.99,2020-10-01
13289844,袁隆平的故事（写到91岁！23个重大人生节点 60段人生历练故事 完整记录袁隆平院士传奇一生的诚,科学,《青少年红色励志故事丛书》编写组 编,unknown,29.80,29.80,湖南人民出版社,200+,1.0,2021-06-01
10028710940279,中国泌尿外科和男科疾病诊断治疗指南(2019版),科学,,891,290.00,290.00,科学出版社,62,1.0,2020-10-01
11098307,华尔街幽灵（典藏版）,科学,[美] 阿瑟·L.辛普森 著 张志浩 关磊 译,227,38.00,26.10,中国社会科学出版社,1万+,0.99,2012-08-01
11676016,建筑与现代性：批判,科学,[比利时] 希尔德·海嫩 著 周宪 许钧 编 卢永毅 周鸣浩 译,402,39.00,30.80,商务印书馆,5000+,0.99,2015-03-01
10024578995410,全套3册趣味数学三年级四年级思维训练益智故事书小学生阅读课外书籍老师推荐阅读6-9-12岁儿童读物趣味科学,科学,,unknown,177.00,15.80,北京联合出版公司,37,1.0,unknown
10026187624261,告诉我什么是哲学/大教授的科学课(德)古伦·梅思哈德·莱士,科学,[德] 古伦·梅思\\哈德·莱士|责编：甘慧\... 编,1,49.00,20.09,人民文学,7,1.0,2021-01-01
12461575,农业职业经理人,科学,张琳 邹琴琴 郑霞娟 著,172,32.00,24.00,中国农业科学技术出版社,200+,0.98,2018-10-01
11164245,十万个为什么（彩图版套装共4册）[3-6岁],科学,《十万个为什么》编委会 编,920,499.00,449.10,吉林人民出版社,200+,0.95,2013-04-01
11015265,科学可以这样看丛书：物理学的未来,科学,[美] 加来道雄 著 伍义生 杨立盟 译,356,53.80,53.80,重庆出版社,2万+,0.98,2012-06-01
12764071,破茧（任正非华为内部邮件力荐！畅销书《枢纽》作者施展全新力作 吴敬琏、许纪霖、刘擎、罗振宇等诚挚推荐！）,科学,施展 著,unknown,58.00,58.00,湖南文艺出版社,10万+,0.99,2020-12-01
10027197393433,正版全6册玩转科学小实验:游戏中的科学和知识+科学百科+疯狂的科学世界+思维风暴+左右脑开发书籍玩转科学小实验玩出来的最强大脑5本,科学,方怡 著,425,225.00,79.00,北京联合出版公司,5000+,0.97,2014-10-01
11551750,万万没想到用理工科思维理解世界,科学,万维钢（同人于野） 著,272,39.80,31.00,电子工业出版社,10万+,0.99,2014-10-01
12503947,DK经典科普作品：大灾难（精装）[7-10岁],科学,[英] 理查德·普拉特 著,unknown,68.00,59.00,四川科学技术出版社,1万+,0.99,2018-11-01
11907067,家门外的自然课系列——看！蜗牛拥抱自然 爱上阅读！爱自然、懂艺术的孩子更会生活！跟着科普图画书作家、插画家撒沙一起发现中国孩子身边不一样的大自然！[5-8岁],科学,[俄罗斯] 撒沙 何慧颖 著 撒沙 绘,unknown,36.00,32.40,山东科学技术出版社,5000+,0.99,2016-04-01
38484022125,不可不知的科学(共3册),科学,,unknown,75.00,36.38,上海人美,13,1.0,2018-08-01
11258981,断舍离,科学,[日] 山下英子 著 吴倩 译,192,32.00,30.10,广西科学技术出版社,20万+,0.99,2013-07-01
10694698060,探索科学百科丛书全8册6-12岁中国少年儿童大百科全书读物科普类书籍三年级四小学生五少儿课外书,科学,,unknown,102.40,39.80,湖北科学技术出版社,2000+,0.98,unknown
10026175781816,万物由来漫画版身边的科学全套12册儿童版科普百科书四大发明故事少儿读物6-8-10-12岁课外阅读,科学,郭翔 著,unknown,326.80,212.80,北京理工大学出版社,500+,1.0,unknown
12013346,拉鲁斯趣味科学馆·了不起的科学[7-10岁],科学,法国拉鲁斯出版社 著,unknown,28.50,21.40,吉林科学技术出版社,20万+,0.99,2016-06-01
11899154,亲亲科学图书馆进阶版：我的小问题系列第1辑（套装全10册）[3-6岁],科学,[法] 帕斯卡尔·艾德兰 等 著 [法] 艾米丽·法丽埃 等 绘 姚美 译,360,138.00,105.00,北京时代华文书局,1万+,0.99,2016-04-01
12869697,我的第一本科学漫画书：儿童百问百答41-50（套装10册）小学生课外阅读图书[6-12岁],科学,权灿好 著,unknown,300.00,208.30,二十一世纪出版社,0,1.0,2021-04-01
32454657567,万物杂志铺2021年4月起订共12期订阅howitworks中文版科普百科青少版环球科学,科学,,unknown,360.00,338.00,出版社,1万+,0.99,unknown
65282485989,天文气象/万物探索气候百科全书青少年中小学生气候知识科普书籍8-10-16岁课外阅读书探索发现科学,科学,焦庆锋 著,unknown,45.00,26.80,山东美术出版社,4,1.0,unknown
13310696,写给儿童的二十四节气（套装共8册）儿童自然科学科普知识大全[3-8岁],科学,幼狮童书 著,unknown,120.00,78.00,黑龙江美术出版社,1000+,0.99,2021-06-01
11790591,神奇科学探秘——生物的秘密武器[3-6岁],科学,侯海博 著,unknown,75.00,56.30,北京联合出版社,2万+,0.99,2015-07-01
58049947005,如何制作一个哥哥人体结构书儿童3-6-8-12岁知识百科书籍科学益智科普绘本后浪浪花朵朵正版,科学,,unknown,148.00,75.48,浙江教育出版社,90,1.0,unknown
32294689906,贫穷的本质我们为什么摆脱不了贫穷2019年诺贝尔经济科学奖,科学,[印] 阿比吉特·班纳吉(AbhijitV.Bane 著,unknown,58.00,36.00,中信出版社,1万+,0.99,2018-09-01
11215241,攀登英语阅读系列·神奇字母组合（套装26册附家长手册、阅读记录+光盘）[7-10岁],科学,北京师范大学“认知神经科学与学习”国家重点实验室攀登英语项目组 编,490,188.00,167.90,北京师范大学出版集团,5万+,0.99,2012-08-01
10315729722,全14册探索科学百科丛书+世界未解之谜大全集6-12岁少年儿童大百科全书小学生课外阅读读物科普类书籍,科学,,unknown,192.40,99.80,湖北科学技术出版社,1万+,0.98,unknown
61203745331,【正版立减】dk科学历史百科全书(精)/家庭珍藏大系/DK大历史系列儿童百科全书,科学,编者：罗伯特·温斯顿|译者：关晓武... 编,400,258.00,127.00,中国大百科,200+,1.0,2019-01-01
11298094,图解时间简史,科学,紫图出品 [英] 斯蒂芬·霍金 王宇琨 董志道 著,320,49.90,47.00,北京联合出版公司,5万+,0.99,2013-08-01
11426862,为什么美国没有社会主义（典藏版）[WhyistherenoSocialismintheUnitedStates],科学,[德] 维尔纳·桑巴特 著 赖海榕 译,197,39.00,39.00,社会科学文献出版社,500+,0.99,2014-01-01
10031417655608,官方正版】全套32册这就是物理+这就是化学+这就是地理+这就是数学+这就是科学6-12岁知识启蒙漫画,科学,,unknown,816.00,368.00,北京理工大学出版社,3,1.0,unknown
12863738,DK有趣的科学：有趣的金融 货币转转转[7-14岁][ShowMeTheMoney],科学,[英] 埃尔文·赫尔 著 中国科学技术协会青少年科技中心 编 蒋春艳 译,95,49.80,46.90,科学普及出版社,20万+,0.99,2013-05-01
68001716772,客船科普书籍舰船知识舰船小百科知识战舰图书舰船科普丛书上海科学技术出版社,科学,,208,80.00,68.00,上海科学技术出版社,0,1.0,2020-02-01
11880612,汤头歌诀（精版）,科学,[清] 汪昂 著 信彬 吴剑坤 编,512,88.00,51.80,江苏凤凰科学技术出版社,5万+,0.98,2016-03-01
11433998,同步脑电：功能磁共振（EEG-fMRI）原理与技术,科学,雷旭 尧德中 著,208,75.00,59.30,科学出版社,200+,0.99,2014-03-01
11134611,象与骑象人：幸福的假设（更新版）,科学,[美] 乔纳森·海特（Jonathan Haidt） 著 李静瑶 译,280,49.90,37.40,浙江人民出版社,1万+,0.99,2012-12-01
62926351026,工程地质学实习教程科学与自然书籍,科学,,unknown,20.00,12.40,同济大学出版社,9,1.0,unknown
13160330,美国国家地理少儿百科.猜你不知道[7-14岁],科学,美国国家地理学会 著 Charlene 译,192,138.00,138.00,科学普及出版社,1000+,0.98,2021-03-01
68001716772,客船科普书籍舰船知识舰船小百科知识战舰图书舰船科普丛书上海科学技术出版社,科学,,208,80.00,68.00,上海科学技术出版社,0,1.0,2020-02-01
12892236,十万个为什么英国经典儿童百科“IWonderWhy”我想知道为什么手绘版系列第二辑万物运转4-10岁,科学,英国麦克米伦出版集团 著 贾磊 译,320,198.00,196.00,中国宇航出版社,10万+,0.98,2020-06-01
12397494,和自然一起长大 我的动物朋友（套装共10册）[3-6岁],科学,小橡果工作室 著,unknown,168.00,166.30,江苏凤凰科学技术出版社,5000+,0.98,2018-07-01
12013332,拉鲁斯趣味科学馆·有趣的世界[7-10岁],科学,法国拉鲁斯 著,unknown,28.50,21.40,吉林科学技术出版社,20万+,0.99,2016-06-01
12871621,身边有科学：小学生趣味科普启蒙（全6册）[3-12岁],科学,小牛顿童书馆 著,unknown,159.00,139.20,天津科学技术出版社,2000+,0.99,2021-06-01
13076050,首都儿科研究所专家吴光驰：0-3岁宝宝科学养护百科全书,科学,吴光驰 著,208,49.80,49.80,中国轻工业出版社,2000+,1.0,2021-01-01
10032855702053,你好科学全套6册儿童读物科普百科绘本小升初衔接8-15岁学生阅读科学知识科普启蒙漫画书籍物理化学,科学,,unknown,178.00,78.00,青岛出版社,7,1.0,2020-04-01
12542159,贝聿铭建筑十讲（巴黎只有一个卢浮宫 世间只有一个贝聿铭）凤凰空间设计经典译丛-建筑学,科学,黄健敏 著,264,79.80,78.20,江苏凤凰科学技术出版社,1000+,0.99,2019-06-01
10615590,蚕丝钱学森传中信出版社,科学,[美] 张纯如 著 鲁伊 译,308,42.00,42.00,中信出版社,20万+,0.99,2011-04-01
11332475,图解本草纲目,科学,[明] 李时珍 著 健康大学堂编委会 编,664,68.00,59.20,河北科学技术出版社,5万+,0.98,2013-09-01
26361273754,思考世界的孩子(共2册)(精)小学生四五六年级科学书课外书儿童哲学启蒙少儿百科全书,科学,[法] 阿内-索菲·希拉尔格温尼拉·布莱... 编,unknown,148.00,66.00,浙江少儿,81,0.85,2018-01-01
11327586,尾上惠美的刺绣入门教科书：200种针法+纯美图案[NihonVogue-shaNoKisoBookSisyuu],科学,[日] 尾上惠美 编 梦工房 译,95,39.00,39.00,河南科学技术出版社,5000+,0.99,2013-10-01
10033082460067,注音版趣味科学小学生科学知识玩转科学科普百科书籍小学生一二三年级课外阅读书籍,科学,,unknown,58.00,24.51,江西美术出版社,0,1.0,unknown
12615374,有趣得让人睡不着的地理（日本中小学生经典科普课外读物 系列累计畅销60万册）,科学,[日] 左卷健男 著 郝彤彤 译,208,35.00,35.00,北京时代华文书局,10万+,0.99,2019-06-01
12419344409,小牛顿问号探寻全10册科学馆绘本第一辑地球怎么了小学生课外书3-67-10岁儿童读物书籍科普绘本,科学,孙静 编,unknown,148.00,132.00,长江,2000+,0.98,2017-02-21
10020611438286,科学启蒙礼盒装(1-3-4-6共25册第2版)幼儿童自然启蒙认知科普百科故事书科学启蒙礼盒装(4-5共10册第2版),科学,,unknown,368.00,137.10,浙江教育,79,1.0,unknown
12094208,围麻醉期突发事件的挑战,科学,余奇劲 肖兴鹏 著,441,120.00,120.00,中国科学技术出版社,200+,0.98,2016-10-01
10026680121073,【全套10册】我的第一本科学漫画书儿童百科全书3-6-10岁少儿科学科普漫画小学生课外阅读自然科学世,科学,,unknown,298.00,148.00,江苏凤凰美术出版社,100+,1.0,unknown
10027834970447,亲亲科学图书馆第6辑（套装共10册）3-6岁少儿科普百科儿童启蒙认知绘本科学书籍彩色绘艺术自然启蒙书,科学,,unknown,120.00,72.00,上海文化出版社,0,1.0,unknown
12002049,探索绝迹物种/探索发现科学馆,科学,探索者编委会 编,unknown,38.80,29.10,黑龙江科学技术出版社,20万+,0.98,2016-11-01
11945018,十万为什么幼儿美绘版科学真奇妙[3-6岁],科学,杨奇斌 著 才珍珍 绘,80,16.00,14.20,长江少年儿童出版社,5000+,0.99,2016-06-01
11974766,超级跑跑科学王5：巴斯克维尔的猎犬[7-10岁],科学,[韩] 乌龟工作室 著 国开童媒（北京）文化传播有限公司 编 卡露文化 译,142,29.80,22.40,中央广播电视大学出版社,1万+,0.99,2016-11-01
11250026,最详尽的缝纫教科书,科学,[日] 河合公美子 著 杨彩群 译,160,36.00,36.00,河南科学技术出版社,1万+,0.98,2013-06-01
11554008,科学可以这样看丛书：达尔文的黑匣子,科学,[美] 迈克尔·贝希 著 余瑾 邓辰 伍义生 译,300,42.80,42.80,重庆出版社,2万+,0.98,2014-09-01
71797801479,【地震出版社】正版减轻自然灾害陈颙著自然科学自然灾害防范科普读物书籍,科学,,unknown,58.00,49.00,地震出版社,3,1.0,2020-05-01
12482108,晚安双语胎教故事：朗读版（汉竹）,科学,佟彤 著,132,42.80,40.70,江苏凤凰科学技术出版社,10万+,0.98,2018-10-01
11863623,怎样科学办好中小型猪场(第二版),科学,郑玉姝 魏刚才 黄俊克 编,437,45.00,35.50,化学工业出版社,5000+,0.97,2016-01-01
12040578,什么是什么珍藏版第1辑火山探秘[7-10岁],科学,[德] 曼福雷德·鲍尔 著 海豚传媒 编 王荣辉 译,48,35.00,31.20,长江少年儿童出版社,1万+,0.99,2016-11-01
11800703,盐糖脂食品巨头是如何操纵我们的中信出版社[SALTSUGARFAT],科学,[美] 迈克尔·莫斯（Michael Moss） 著 张佳安 译,364,52.00,40.50,中信出版社,2万+,0.99,2015-11-01
11127245,金钱不能买什么 金钱与公正的正面交锋  《公正》作者迈克尔·桑德尔著奇葩说陈铭推荐 刘擎推荐,科学,[美] 迈克尔·桑德尔（Michael J.Sandel） 著,320,59.00,44.20,中信出版社,2万+,0.99,2012-11-01
71797801479,【地震出版社】正版减轻自然灾害陈颙著自然科学自然灾害防范科普读物书籍,科学,,unknown,58.00,49.00,地震出版社,3,1.0,2020-05-01
10026187624261,告诉我什么是哲学/大教授的科学课(德)古伦·梅思哈德·莱士,科学,[德] 古伦·梅思\\哈德·莱士|责编：甘慧\... 编,1,49.00,20.09,人民文学,7,1.0,2021-01-01
12461575,农业职业经理人,科学,张琳 邹琴琴 郑霞娟 著,172,32.00,24.00,中国农业科学技术出版社,200+,0.98,2018-10-01
11164245,十万个为什么（彩图版套装共4册）[3-6岁],科学,《十万个为什么》编委会 编,920,499.00,449.10,吉林人民出版社,200+,0.95,2013-04-01
11015265,科学可以这样看丛书：物理学的未来,科学,[美] 加来道雄 著 伍义生 杨立盟 译,356,53.80,53.80,重庆出版社,2万+,0.98,2012-06-01
12764071,破茧（任正非华为内部邮件力荐！畅销书《枢纽》作者施展全新力作 吴敬琏、许纪霖、刘擎、罗振宇等诚挚推荐！）,科学,施展 著,unknown,58.00,58.00,湖南文艺出版社,10万+,0.99,2020-12-01
62269416740,减100】奇妙的科学全套10册少儿百科全书彩图注音版小学生课外阅读书籍一年级必读带拼音的儿童绘本,科学,,unknown,148.00,129.80,长江出版社,55,1.0,unknown
11699639,现代养猪生产技术：告诉你猪场盈利的秘诀,科学,[英] John Gadd 著 周绪斌 张佳 潘雪男 译,unknown,198.00,115.70,中国农业出版社,2000+,0.98,2015-06-01
12543724,三大构成系列教材（色彩+平面+立体+光迹共4册）（朝仓直巳经典之作 《世界现代设计史》作者王受之推荐）,科学,[日] 朝仓直巳 著,1026,319.20,312.80,江苏凤凰科学技术出版社,2万+,0.99,2019-02-01
11991266,美国国家地理：小小疯狂科学家的50个有趣实验,科学,[美] 卡伦·罗马诺·扬 著 阳曦 译 [美] 马修·拉克拉 摄影,151,62.00,62.00,安徽少年儿童出版社,1万+,0.98,2016-05-01
11024566,读行天下：中国少年儿童百科全书（最新版本）[儿童、青少年][TheChineseChildren'sEncyclopedia],科学,北京墨人 著 袁宏宾 编,1344,168.00,147.00,旅游教育出版社,1万+,0.99,2012-08-01
10902161,新编护士必读（第2版）,科学,杨艳 李丹 编,386,35.00,29.60,辽宁科学技术出版社,500+,0.98,2012-01-01
10316253439,全套12册十万个为什么幼儿版正版10万3-9岁儿童书籍绘本大百科全书中国幼儿园动物科学故事科普读,科学,孙静 编,unknown,129.60,128.80,长江出版社,5000+,0.97,2015-04-01
12964676,图说相对论：人人都应该一读的科学经典 终于有了一个中国人能懂的版本,科学,陈家乾 著,unknown,46.00,12.00,中国华侨出版社,2万+,0.98,2020-06-01
11479243,自然科学启蒙（第四辑全6册）3-6岁HarperCollins（启发官方自营店）[3-6岁],科学,[美] 弗兰克林·M.布兰利 [美] 海伦妮·J.乔丹 [美] 保罗·肖沃斯 等 著 [美] 洛蕾塔·克罗平斯基 [美] 温迪·沃森 [美] 史蒂夫·詹金斯 等 绘 范晓星 余国芳 王玲月 等 译,unknown,90.00,68.10,北京联合出版公司,10万+,0.99,2012-07-01
10615957,决定经典001几何原本（全新修订版）,科学,[古希腊] 欧几里得 著 燕晓东 译,588,58.00,54.60,江苏人民出版社,1万+,0.99,2011-03-01
12031878,协和专家孕产大百科,科学,汉竹 著 马良坤 编,372,49.80,47.30,江苏凤凰科学技术出版社,10万+,0.99,2016-08-01
11300008,现代农药应用技术图解,科学,袁会珠 李卫国 编,524,298.00,223.50,中国农业科学技术出版社,51,1.0,2013-06-01
10023500876174,DK宇宙大百科天文学书籍揭秘宇宙星空小学生6-12-18岁科学课外书青少年儿童dK太空百科全书探秘宇宙大百科,科学,,unknown,298.00,125.00,电子工业出版社,13,1.0,unknown
11804275,刘慈欣少年科幻科学小说系列（套装共5册）[7-10岁],科学,刘慈欣 著,893,110.00,103.60,广西师范大学出版社,2万+,0.99,2016-01-01
10360909,彩书坊：探索发现大百科[11-14岁],科学,《图说天下·珍藏版》编委会 编,187,88.00,66.00,吉林出版集团有限责任公司,20万+,0.98,2009-03-01
12009607,爱因斯坦传（一世珍藏名人名传精品典藏）,科学,[德] 菲利普·弗兰克 著,310,36.00,36.00,长江文艺出版社,1万+,0.99,2016-11-01
1113503807,科学的旅程珍藏版,科学,雷·斯潘根贝格 著,unknown,128.00,89.50,北京大学出版社,500+,0.99,2014-03-01
69080430252,现货上知天文下知地理套装10册原创儿童科学绘本4-8岁中英双语绘本长江少儿新颖独特科学故事激活,科学,[澳] 卡米拉·戈登 胡江波 著 胡江波 编,unknown,200.00,86.60,长江少年儿童出版社,34,1.0,unknown
10024983584570,科学百科全书全10册精装大厚本获奖作品玩转科学游戏中的科学和知识科普类书籍小学生儿童书籍故事读物,科学,,unknown,750.00,198.00,北京联合出版公司,8,1.0,unknown
10130833,英国DK透视科普书系列：海洋（附光盘1张）[11-14岁],科学,[英] 伍德沃德 著 屠强 杨娟 屠傲凌 译,95,98.00,98.00,科学普及出版社,1万+,0.99,2008-08-01
12860592,万万没想到：用理工科思维理解世界（精装增补版）,科学,万维钢（同人于野） 著,304,68.00,53.00,电子工业出版社,10万+,0.99,2020-04-01
47608865714,逻辑思维训练1200题（38.00）逻辑推理训练科学游戏学生逻辑思维书籍益智游戏数学全脑思维,科学,杨建峰 著,unknown,38.00,24.40,汕头大学出版社,1万+,0.98,2018-08-01
47764716332,时间的秩序卡洛·罗韦利著自然科学哲学物理学书,科学,,unknown,56.00,25.20,湖南科技出版社,500+,0.97,2019-06-01
11987788,人格心理学：全面、科学的人性思考（原书第10版）[TheoriesofPersonality 10thEdition],科学,[美] 杜安·舒尔茨 [美] 西德尼·艾伦·舒尔茨 著 张登浩 李森 译,262,65.00,51.50,机械工业出版社,1万+,0.99,2016-07-01
65282485989,天文气象/万物探索气候百科全书青少年中小学生气候知识科普书籍8-10-16岁课外阅读书探索发现科学,科学,焦庆锋 著,unknown,45.00,26.80,山东美术出版社,4,1.0,unknown
10284680203,【赠实物书】徐文兵梁东对话黄帝内经说什么系列珍藏版全套7册,科学,徐文兵 梁冬 著,unknown,409.90,188.00,江西科学技术出版社,2000+,0.99,2021-04-01
11036680,夜观星空：天文观测实践指南,科学,[加] 特伦斯·迪金森 著 谢懿 译,188,78.00,65.50,北京科学技术出版社,1万+,0.98,2012-01-01
11974788,超级跑跑科学王9：揭开鲁邦的秘密[7-10岁],科学,[韩] 乌龟工作室 著 国开童媒（北京）文化传播有限公司 编,unknown,29.80,22.40,中央广播电视大学出版社,1万+,0.99,2016-07-01
11637665,土壤科学丛书：土壤生物化学[SoilBiochemistry],科学,黄巧云 林启美 徐建明 编,447,69.00,54.50,高等教育出版社,1000+,0.98,2015-03-01
12442724,可怕的科学体验课堂系列·体验沙漠[7-10岁],科学,[英}瓦勒里·威尔丁 原 著,128,22.00,22.00,北京少年儿童出版社,1000+,0.99,2010-01-01
10024452822229,中国少年儿童百科全书全套10册小学生少儿版科普读物科学课外书籍地理太空宇宙海洋生物动物昆虫大百科中国少年儿童百科全书全套10册,科学,,unknown,120.00,32.00,中国大百科出版社,15,1.0,unknown
10031517477355,这就是物理&这就是化学&地理&科学&数学&新科技驾到&国家地理百科&时间的礼物可选数理化科普百科全34册】这就是物理+化学+地理+数学+科学,科学,,unknown,816.00,325.00,北京理工大学出版社,25,1.0,unknown
10029581549207,BBC科普三部曲--地球：行星的力量（中科院专家全新修订有声朗读）精装,科学,,232,105.00,71.40,江苏科学技术出版社,2,1.0,2020-09-01
11625337,教师用书静悄悄的革命：课堂改变学校就会改变[JugyoOKaeruGakkoGaKawaru],科学,[日] 佐藤学 著 李季湄 译,154,29.80,26.40,教育科学出版社,5000+,0.99,2014-11-01
11867670,遗传的革命,科学,[英] 内莎.凯里 著 贾乙  王亚菲 译,260,39.80,39.80,重庆出版社,2万+,0.98,2015-12-01
11023986,图说天下·国家地理系列：失落的文明,科学,《图说天下·国家地理系列》编委会 编,223,19.90,14.00,北京联合出版公司,2万+,0.98,2012-06-01
45871363747,绝境生存系列全套35册我的第一本科学漫画书少儿百科全书儿童漫画书籍小学生科学科普图,科学,[韩] 洪在彻 李泰虎 徐月珠 著,unknown,1225.00,459.50,二十一世纪出版社,85,0.9,2013-07-01
12013330,拉鲁斯趣味科学馆·传奇的英雄[7-10岁],科学,法国拉鲁斯 著,unknown,28.50,21.40,吉林科学技术出版社,20万+,0.99,2016-06-01
10020782,手筋专项训练：从5级到1级,科学,张杰 著,202,25.00,16.90,辽宁科学技术出版社,2万+,0.99,2009-10-01
10032598793355,【正版现货】全套4册我的第一套物理启蒙书彩色插版图文物理漫画书经典物理科学启蒙小学生科普读物培养儿童,科学,[美] 乔治·伽莫夫 著 肖蕾 译,unknown,168.00,22.80, 北京联合出版公司,85,0.97,unknown
11625668,让孩子痴迷的趣味科学实验[7-10岁],科学,[英] 简·宾厄姆 著 美同 译,64,58.00,58.00,光明日报出版社,5000+,0.99,2014-05-01
11699079,有趣的生物法庭第2辑（套装共4册）[7-10岁],科学,[韩] 郑玩相 著 牛林杰 王宝霞 等 译,unknown,70.80,70.80,科学普及出版社,200+,1.0,2014-04-01
10315729722,全14册探索科学百科丛书+世界未解之谜大全集6-12岁少年儿童大百科全书小学生课外阅读读物科普类书籍,科学,,unknown,192.40,99.80,湖北科学技术出版社,1万+,0.98,unknown
11343101,仿真科学与技术及其军事应用丛书：基于Agent的作战建模[Agent-basedWarfareModeling],科学,李雄 著,353,48.00,45.20,国防工业出版社,200+,1.0,2013-08-01
11179347,中国科普大奖图书典藏书系：偷脑的贼[3-6岁],科学,潘家铮 著,188,22.00,20.90,湖北科学技术出版社,2000+,0.99,2013-01-01
11296557,“探险奇兵”科学漫画丛书：黑洞[7-10岁],科学,[韩] 张吉秀 著 [韩] 金英九 绘 余未 译,95,26.00,26.00,上海科技教育出版社,1000+,1.0,2013-08-01
10058164,Java编程思想（第4版）[thinkinginjava],科学,[美] Bruce  Eckel 著 陈昊鹏 译,880,108.00,72.00,机械工业出版社,5万+,0.97,2007-06-01
12089734,科学跑出来深海怪兽跑出来了[7-10岁][OceanMonster(AR)],科学,[英] 尼古拉·戴维斯 著,unknown,68.00,53.00,中信出版社,5万+,0.99,2016-11-01
68001716772,客船科普书籍舰船知识舰船小百科知识战舰图书舰船科普丛书上海科学技术出版社,科学,,208,80.00,68.00,上海科学技术出版社,0,1.0,2020-02-01
12893368,科学启蒙第二版（最新版礼盒装10册）小学4-6年级适用美国小学主流科学教材中小学图书馆推荐书目值得中国孩子阅读的科普书献给青少年的百科全书,科学,[美] 杰伊·哈克特 著 [美] 杰伊·哈克特|责 编,1234,308.00,271.00,浙江教育出版社,2万+,0.99,2020-04-01
11720089,神经生物学：从神经元到脑（原书第5版）[FromNeurontoBrain],科学,[意] 尼克尔斯（John G. Nicholls） 等 著 杨雄里 等 译,796,168.00,132.70,科学出版社,2000+,0.98,2015-06-01
11831464,十万个为什么：医学（第六版）[11-14岁][100000Whys],科学,汤钊猷 叶鑫生 韩启德 编,177,35.00,34.60,少年儿童出版社,500+,1.0,2016-01-01
10022054465038,这就是物理全10册美国经典物理科学启蒙全书物理启蒙书,科学,,unknown,200.00,99.00,北京理工大学出版社,9,1.0,unknown
12643507,呦呦童你问我答翻翻书（京东定制低幼版套装4册）[3-6岁],科学,呦呦童 著,unknown,160.00,143.00,安徽科学技术出版社,1万+,0.98,2020-03-01